batch_label,source_row_no,language_code,headword,primary_definition,english_translation,swahili_translation,part_of_speech,dialect_variant,register,pronunciation_ipa,etymology,audio_url,category,created_by,source_name,source_license,source_url,source_note
BATCH_ENSW_FREEDICT_2026_02_24_A,1,en,10c piece,Swahili equivalent: kikumi,,kikumi,n,,both,,,,,,FreeDict,GPL-2.0-or-later (see package COPYING/README),https://freedict.org/downloads/,eng-swh.tei
BATCH_ENSW_FREEDICT_2026_02_24_A,2,en,5c piece,Swahili equivalent: kitano,,kitano,n,,both,,,,,,FreeDict,GPL-2.0-or-later (see package COPYING/README),https://freedict.org/downloads/,eng-swh.tei
BATCH_ENSW_FREEDICT_2026_02_24_A,3,en,a while,Swahili equivalent: kitambo,,kitambo,n,,both,,,,,,FreeDict,GPL-2.0-or-later (see package COPYING/README),https://freedict.org/downloads/,eng-swh.tei
BATCH_ENSW_FREEDICT_2026_02_24_A,4,en,above,Swahili equivalent: juu,,juu,adv,,both,,,,,,FreeDict,GPL-2.0-or-later (see package COPYING/README),https://freedict.org/downloads/,eng-swh.tei
BATCH_ENSW_FREEDICT_2026_02_24_A,5,en,abundance,Swahili equivalent: wingi,,wingi,n,,both,,,,,,FreeDict,GPL-2.0-or-later (see package COPYING/README),https://freedict.org/downloads/,eng-swh.tei
BATCH_ENSW_FREEDICT_2026_02_24_A,6,en,abundant,Swahili equivalent: tele,,tele,adj,,both,,,,,,FreeDict,GPL-2.0-or-later (see package COPYING/README),https://freedict.org/downloads/,eng-swh.tei
BATCH_ENSW_FREEDICT_2026_02_24_A,7,en,abuse,Swahili equivalent: matukano,,matukano,n,,both,,,,,,FreeDict,GPL-2.0-or-later (see package COPYING/README),https://freedict.org/downloads/,eng-swh.tei
BATCH_ENSW_FREEDICT_2026_02_24_A,8,en,accident,Swahili equivalent: ajali,,ajali,n,,both,,,,,,FreeDict,GPL-2.0-or-later (see package COPYING/README),https://freedict.org/downloads/,eng-swh.tei
BATCH_ENSW_FREEDICT_2026_02_24_A,9,en,accustom,Swahili equivalent: zoeza,,zoeza,v,,both,,,,,,FreeDict,GPL-2.0-or-later (see package COPYING/README),https://freedict.org/downloads/,eng-swh.tei
BATCH_ENSW_FREEDICT_2026_02_24_A,10,en,acid,Swahili equivalent: asidi,,asidi,n,,both,,,,,,FreeDict,GPL-2.0-or-later (see package COPYING/README),https://freedict.org/downloads/,eng-swh.tei
BATCH_ENSW_FREEDICT_2026_02_24_A,11,en,act,Swahili equivalent: mpango,,mpango,n,,both,,,,,,FreeDict,GPL-2.0-or-later (see package COPYING/README),https://freedict.org/downloads/,eng-swh.tei
BATCH_ENSW_FREEDICT_2026_02_24_A,12,en,address,Swahili equivalent: anwani,,anwani,n,,both,,,,,,FreeDict,GPL-2.0-or-later (see package COPYING/README),https://freedict.org/downloads/,eng-swh.tei
BATCH_ENSW_FREEDICT_2026_02_24_A,13,en,Africa,Swahili equivalent: Afrika,,Afrika,n,,both,,,,,,FreeDict,GPL-2.0-or-later (see package COPYING/README),https://freedict.org/downloads/,eng-swh.tei
BATCH_ENSW_FREEDICT_2026_02_24_A,14,en,African,Swahili equivalent: Mwafrika,,Mwafrika,n,,both,,,,,,FreeDict,GPL-2.0-or-later (see package COPYING/README),https://freedict.org/downloads/,eng-swh.tei
BATCH_ENSW_FREEDICT_2026_02_24_A,15,en,after,Swahili equivalent: baada,,baada,adv,,both,,,,,,FreeDict,GPL-2.0-or-later (see package COPYING/README),https://freedict.org/downloads/,eng-swh.tei
BATCH_ENSW_FREEDICT_2026_02_24_A,16,en,afternoon,Swahili equivalent: alasiri,,alasiri,n,,both,,,,,,FreeDict,GPL-2.0-or-later (see package COPYING/README),https://freedict.org/downloads/,eng-swh.tei
BATCH_ENSW_FREEDICT_2026_02_24_A,17,en,afterwards,Swahili equivalent: baadaye,,baadaye,adv,,both,,,,,,FreeDict,GPL-2.0-or-later (see package COPYING/README),https://freedict.org/downloads/,eng-swh.tei
BATCH_ENSW_FREEDICT_2026_02_24_A,18,en,afterwards,Swahili equivalent: halafu,,halafu,adv,,both,,,,,,FreeDict,GPL-2.0-or-later (see package COPYING/README),https://freedict.org/downloads/,eng-swh.tei
BATCH_ENSW_FREEDICT_2026_02_24_A,19,en,again,Swahili equivalent: tena,,tena,adv,,both,,,,,,FreeDict,GPL-2.0-or-later (see package COPYING/README),https://freedict.org/downloads/,eng-swh.tei
BATCH_ENSW_FREEDICT_2026_02_24_A,20,en,agree,Swahili equivalent: kubali,,kubali,v,,both,,,,,,FreeDict,GPL-2.0-or-later (see package COPYING/README),https://freedict.org/downloads/,eng-swh.tei
BATCH_ENSW_FREEDICT_2026_02_24_A,21,en,agree,Swahili equivalent: patana,,patana,v,,both,,,,,,FreeDict,GPL-2.0-or-later (see package COPYING/README),https://freedict.org/downloads/,eng-swh.tei
BATCH_ENSW_FREEDICT_2026_02_24_A,22,en,agreement,Swahili equivalent: mapatano,,mapatano,n,,both,,,,,,FreeDict,GPL-2.0-or-later (see package COPYING/README),https://freedict.org/downloads/,eng-swh.tei
BATCH_ENSW_FREEDICT_2026_02_24_A,23,en,air,Swahili equivalent: hewa,,hewa,n,,both,,,,,,FreeDict,GPL-2.0-or-later (see package COPYING/README),https://freedict.org/downloads/,eng-swh.tei
BATCH_ENSW_FREEDICT_2026_02_24_A,24,en,airplane,Swahili equivalent: eropleni,,eropleni,n,,both,,,,,,FreeDict,GPL-2.0-or-later (see package COPYING/README),https://freedict.org/downloads/,eng-swh.tei
BATCH_ENSW_FREEDICT_2026_02_24_A,25,en,alive,Swahili equivalent: hai,,hai,adj,,both,,,,,,FreeDict,GPL-2.0-or-later (see package COPYING/README),https://freedict.org/downloads/,eng-swh.tei
BATCH_ENSW_FREEDICT_2026_02_24_A,26,en,all,Swahili equivalent: ote,,ote,adj,,both,,,,,,FreeDict,GPL-2.0-or-later (see package COPYING/README),https://freedict.org/downloads/,eng-swh.tei
BATCH_ENSW_FREEDICT_2026_02_24_A,27,en,all,Swahili equivalent: pia,,pia,adj,,both,,,,,,FreeDict,GPL-2.0-or-later (see package COPYING/README),https://freedict.org/downloads/,eng-swh.tei
BATCH_ENSW_FREEDICT_2026_02_24_A,28,en,all of you,Swahili equivalent: nyote,,nyote,,,both,,,,,,FreeDict,GPL-2.0-or-later (see package COPYING/README),https://freedict.org/downloads/,eng-swh.tei
BATCH_ENSW_FREEDICT_2026_02_24_A,29,en,alone,Swahili equivalent: peke,,peke,adj,,both,,,,,,FreeDict,GPL-2.0-or-later (see package COPYING/README),https://freedict.org/downloads/,eng-swh.tei
BATCH_ENSW_FREEDICT_2026_02_24_A,30,en,although,Swahili equivalent: ingawa,,ingawa,conj,,both,,,,,,FreeDict,GPL-2.0-or-later (see package COPYING/README),https://freedict.org/downloads/,eng-swh.tei
BATCH_ENSW_FREEDICT_2026_02_24_A,31,en,always,Swahili equivalent: sikuzote,,sikuzote,adv,,both,,,,,,FreeDict,GPL-2.0-or-later (see package COPYING/README),https://freedict.org/downloads/,eng-swh.tei
BATCH_ENSW_FREEDICT_2026_02_24_A,32,en,amount,Swahili equivalent: kiasi,,kiasi,n,,both,,,,,,FreeDict,GPL-2.0-or-later (see package COPYING/README),https://freedict.org/downloads/,eng-swh.tei
BATCH_ENSW_FREEDICT_2026_02_24_A,33,en,amuse,Swahili equivalent: chekesha,,chekesha,v,,both,,,,,,FreeDict,GPL-2.0-or-later (see package COPYING/README),https://freedict.org/downloads/,eng-swh.tei
BATCH_ENSW_FREEDICT_2026_02_24_A,34,en,and,Swahili equivalent: na,,na,conj,,both,,,,,,FreeDict,GPL-2.0-or-later (see package COPYING/README),https://freedict.org/downloads/,eng-swh.tei
BATCH_ENSW_FREEDICT_2026_02_24_A,35,en,and I,Swahili equivalent: nami,,nami,,,both,,,,,,FreeDict,GPL-2.0-or-later (see package COPYING/README),https://freedict.org/downloads/,eng-swh.tei
BATCH_ENSW_FREEDICT_2026_02_24_A,36,en,and they,Swahili equivalent: nao,,nao,,,both,,,,,,FreeDict,GPL-2.0-or-later (see package COPYING/README),https://freedict.org/downloads/,eng-swh.tei
BATCH_ENSW_FREEDICT_2026_02_24_A,37,en,angel,Swahili equivalent: malaika,,malaika,n,,both,,,,,,FreeDict,GPL-2.0-or-later (see package COPYING/README),https://freedict.org/downloads/,eng-swh.tei
BATCH_ENSW_FREEDICT_2026_02_24_A,38,en,animal,Swahili equivalent: mnyama,,mnyama,n,,both,,,,,,FreeDict,GPL-2.0-or-later (see package COPYING/README),https://freedict.org/downloads/,eng-swh.tei
BATCH_ENSW_FREEDICT_2026_02_24_A,39,en,answer,Swahili equivalent: jibu,,jibu,n,,both,,,,,,FreeDict,GPL-2.0-or-later (see package COPYING/README),https://freedict.org/downloads/,eng-swh.tei
BATCH_ENSW_FREEDICT_2026_02_24_A,40,en,answer,Swahili equivalent: itika,,itika,v,,both,,,,,,FreeDict,GPL-2.0-or-later (see package COPYING/README),https://freedict.org/downloads/,eng-swh.tei
BATCH_ENSW_FREEDICT_2026_02_24_A,41,en,answer,Swahili equivalent: jibu,,jibu,v,,both,,,,,,FreeDict,GPL-2.0-or-later (see package COPYING/README),https://freedict.org/downloads/,eng-swh.tei
BATCH_ENSW_FREEDICT_2026_02_24_A,42,en,appear,Swahili equivalent: tokea,,tokea,v,,both,,,,,,FreeDict,GPL-2.0-or-later (see package COPYING/README),https://freedict.org/downloads/,eng-swh.tei
BATCH_ENSW_FREEDICT_2026_02_24_A,43,en,apply,Swahili equivalent: paka,,paka,v,,both,,,,,,FreeDict,GPL-2.0-or-later (see package COPYING/README),https://freedict.org/downloads/,eng-swh.tei
BATCH_ENSW_FREEDICT_2026_02_24_A,44,en,appointment,Swahili equivalent: miadi,,miadi,n,,both,,,,,,FreeDict,GPL-2.0-or-later (see package COPYING/README),https://freedict.org/downloads/,eng-swh.tei
BATCH_ENSW_FREEDICT_2026_02_24_A,45,en,April,Swahili equivalent: Aprili,,Aprili,n,,both,,,,,,FreeDict,GPL-2.0-or-later (see package COPYING/README),https://freedict.org/downloads/,eng-swh.tei
BATCH_ENSW_FREEDICT_2026_02_24_A,46,en,Arabia,Swahili equivalent: Manga,,Manga,n,,both,,,,,,FreeDict,GPL-2.0-or-later (see package COPYING/README),https://freedict.org/downloads/,eng-swh.tei
BATCH_ENSW_FREEDICT_2026_02_24_A,47,en,are,Swahili equivalent: ni,,ni,irrv,,both,,,,,,FreeDict,GPL-2.0-or-later (see package COPYING/README),https://freedict.org/downloads/,eng-swh.tei
BATCH_ENSW_FREEDICT_2026_02_24_A,48,en,arm,Swahili equivalent: mkono,,mkono,n,,both,,,,,,FreeDict,GPL-2.0-or-later (see package COPYING/README),https://freedict.org/downloads/,eng-swh.tei
BATCH_ENSW_FREEDICT_2026_02_24_A,49,en,arrange,Swahili equivalent: panga,,panga,v,,both,,,,,,FreeDict,GPL-2.0-or-later (see package COPYING/README),https://freedict.org/downloads/,eng-swh.tei
BATCH_ENSW_FREEDICT_2026_02_24_A,50,en,arrive,Swahili equivalent: fika,,fika,v,,both,,,,,,FreeDict,GPL-2.0-or-later (see package COPYING/README),https://freedict.org/downloads/,eng-swh.tei
BATCH_ENSW_FREEDICT_2026_02_24_A,51,en,arrive at,Swahili equivalent: fikia,,fikia,v,,both,,,,,,FreeDict,GPL-2.0-or-later (see package COPYING/README),https://freedict.org/downloads/,eng-swh.tei
BATCH_ENSW_FREEDICT_2026_02_24_A,52,en,art,Swahili equivalent: sanaa,,sanaa,n,,both,,,,,,FreeDict,GPL-2.0-or-later (see package COPYING/README),https://freedict.org/downloads/,eng-swh.tei
BATCH_ENSW_FREEDICT_2026_02_24_A,53,en,as,Swahili equivalent: kama,,kama,conj,,both,,,,,,FreeDict,GPL-2.0-or-later (see package COPYING/README),https://freedict.org/downloads/,eng-swh.tei
BATCH_ENSW_FREEDICT_2026_02_24_A,54,en,ash,Swahili equivalent: jivu,,jivu,n,,both,,,,,,FreeDict,GPL-2.0-or-later (see package COPYING/README),https://freedict.org/downloads/,eng-swh.tei
BATCH_ENSW_FREEDICT_2026_02_24_A,55,en,ask,Swahili equivalent: uliza,,uliza,v,,both,,,,,,FreeDict,GPL-2.0-or-later (see package COPYING/README),https://freedict.org/downloads/,eng-swh.tei
BATCH_ENSW_FREEDICT_2026_02_24_A,56,en,association,Swahili equivalent: chama,,chama,n,,both,,,,,,FreeDict,GPL-2.0-or-later (see package COPYING/README),https://freedict.org/downloads/,eng-swh.tei
BATCH_ENSW_FREEDICT_2026_02_24_A,57,en,attention,Swahili equivalent: uangalifu,,uangalifu,n,,both,,,,,,FreeDict,GPL-2.0-or-later (see package COPYING/README),https://freedict.org/downloads/,eng-swh.tei
BATCH_ENSW_FREEDICT_2026_02_24_A,58,en,August,Swahili equivalent: Agosti,,Agosti,n,,both,,,,,,FreeDict,GPL-2.0-or-later (see package COPYING/README),https://freedict.org/downloads/,eng-swh.tei
BATCH_ENSW_FREEDICT_2026_02_24_A,59,en,aunt,Swahili equivalent: shangazi,,shangazi,n,,both,,,,,,FreeDict,GPL-2.0-or-later (see package COPYING/README),https://freedict.org/downloads/,eng-swh.tei
BATCH_ENSW_FREEDICT_2026_02_24_A,60,en,authority,Swahili equivalent: mamlaka,,mamlaka,n,,both,,,,,,FreeDict,GPL-2.0-or-later (see package COPYING/README),https://freedict.org/downloads/,eng-swh.tei
BATCH_ENSW_FREEDICT_2026_02_24_A,61,en,awaken,Swahili equivalent: amsha,,amsha,v,,both,,,,,,FreeDict,GPL-2.0-or-later (see package COPYING/README),https://freedict.org/downloads/,eng-swh.tei
BATCH_ENSW_FREEDICT_2026_02_24_A,62,en,baboon,Swahili equivalent: nyani,,nyani,n,,both,,,,,,FreeDict,GPL-2.0-or-later (see package COPYING/README),https://freedict.org/downloads/,eng-swh.tei
BATCH_ENSW_FREEDICT_2026_02_24_A,63,en,back,Swahili equivalent: mgongo,,mgongo,n,,both,,,,,,FreeDict,GPL-2.0-or-later (see package COPYING/README),https://freedict.org/downloads/,eng-swh.tei
BATCH_ENSW_FREEDICT_2026_02_24_A,64,en,bad,Swahili equivalent: baya,,baya,adj,,both,,,,,,FreeDict,GPL-2.0-or-later (see package COPYING/README),https://freedict.org/downloads/,eng-swh.tei
BATCH_ENSW_FREEDICT_2026_02_24_A,65,en,bag,Swahili equivalent: mfuko,,mfuko,n,,both,,,,,,FreeDict,GPL-2.0-or-later (see package COPYING/README),https://freedict.org/downloads/,eng-swh.tei
BATCH_ENSW_FREEDICT_2026_02_24_A,66,en,bag,Swahili equivalent: mkoba,,mkoba,n,,both,,,,,,FreeDict,GPL-2.0-or-later (see package COPYING/README),https://freedict.org/downloads/,eng-swh.tei
BATCH_ENSW_FREEDICT_2026_02_24_A,67,en,balcony,Swahili equivalent: roshani,,roshani,n,,both,,,,,,FreeDict,GPL-2.0-or-later (see package COPYING/README),https://freedict.org/downloads/,eng-swh.tei
BATCH_ENSW_FREEDICT_2026_02_24_A,68,en,banana,Swahili equivalent: ndizi,,ndizi,n,,both,,,,,,FreeDict,GPL-2.0-or-later (see package COPYING/README),https://freedict.org/downloads/,eng-swh.tei
BATCH_ENSW_FREEDICT_2026_02_24_A,69,en,banana plant,Swahili equivalent: mgomba,,mgomba,n,,both,,,,,,FreeDict,GPL-2.0-or-later (see package COPYING/README),https://freedict.org/downloads/,eng-swh.tei
BATCH_ENSW_FREEDICT_2026_02_24_A,70,en,barbarous,Swahili equivalent: shenzi,,shenzi,adj,,both,,,,,,FreeDict,GPL-2.0-or-later (see package COPYING/README),https://freedict.org/downloads/,eng-swh.tei
BATCH_ENSW_FREEDICT_2026_02_24_A,71,en,barber,Swahili equivalent: kinyozi,,kinyozi,n,,both,,,,,,FreeDict,GPL-2.0-or-later (see package COPYING/README),https://freedict.org/downloads/,eng-swh.tei
BATCH_ENSW_FREEDICT_2026_02_24_A,72,en,basket,Swahili equivalent: kikapu,,kikapu,n,,both,,,,,,FreeDict,GPL-2.0-or-later (see package COPYING/README),https://freedict.org/downloads/,eng-swh.tei
BATCH_ENSW_FREEDICT_2026_02_24_A,73,en,bathe,Swahili equivalent: oga,,oga,v,,both,,,,,,FreeDict,GPL-2.0-or-later (see package COPYING/README),https://freedict.org/downloads/,eng-swh.tei
BATCH_ENSW_FREEDICT_2026_02_24_A,74,en,bathe in,Swahili equivalent: ogea,,ogea,v,,both,,,,,,FreeDict,GPL-2.0-or-later (see package COPYING/README),https://freedict.org/downloads/,eng-swh.tei
BATCH_ENSW_FREEDICT_2026_02_24_A,75,en,bathing suit,Swahili equivalent: kiogeo,,kiogeo,n,,both,,,,,,FreeDict,GPL-2.0-or-later (see package COPYING/README),https://freedict.org/downloads/,eng-swh.tei
BATCH_ENSW_FREEDICT_2026_02_24_A,76,en,be,Swahili equivalent: wa,,wa,v,,both,,,,,,FreeDict,GPL-2.0-or-later (see package COPYING/README),https://freedict.org/downloads/,eng-swh.tei
BATCH_ENSW_FREEDICT_2026_02_24_A,77,en,be able,Swahili equivalent: weza,,weza,v,,both,,,,,,FreeDict,GPL-2.0-or-later (see package COPYING/README),https://freedict.org/downloads/,eng-swh.tei
BATCH_ENSW_FREEDICT_2026_02_24_A,78,en,be apparent,Swahili equivalent: onekana,,onekana,v,,both,,,,,,FreeDict,GPL-2.0-or-later (see package COPYING/README),https://freedict.org/downloads/,eng-swh.tei
BATCH_ENSW_FREEDICT_2026_02_24_A,79,en,be awakened,Swahili equivalent: amshwa,,amshwa,v,,both,,,,,,FreeDict,GPL-2.0-or-later (see package COPYING/README),https://freedict.org/downloads/,eng-swh.tei
BATCH_ENSW_FREEDICT_2026_02_24_A,80,en,be boiled,Swahili equivalent: chemshwa,,chemshwa,v,,both,,,,,,FreeDict,GPL-2.0-or-later (see package COPYING/README),https://freedict.org/downloads/,eng-swh.tei
BATCH_ENSW_FREEDICT_2026_02_24_A,81,en,be born,Swahili equivalent: zaliwa,,zaliwa,v,,both,,,,,,FreeDict,GPL-2.0-or-later (see package COPYING/README),https://freedict.org/downloads/,eng-swh.tei
BATCH_ENSW_FREEDICT_2026_02_24_A,82,en,be broken,Swahili equivalent: vunjika,,vunjika,v,,both,,,,,,FreeDict,GPL-2.0-or-later (see package COPYING/README),https://freedict.org/downloads/,eng-swh.tei
BATCH_ENSW_FREEDICT_2026_02_24_A,83,en,be bruised,Swahili equivalent: chubuka,,chubuka,v,,both,,,,,,FreeDict,GPL-2.0-or-later (see package COPYING/README),https://freedict.org/downloads/,eng-swh.tei
BATCH_ENSW_FREEDICT_2026_02_24_A,84,en,be called,Swahili equivalent: itwa,,itwa,v,,both,,,,,,FreeDict,GPL-2.0-or-later (see package COPYING/README),https://freedict.org/downloads/,eng-swh.tei
BATCH_ENSW_FREEDICT_2026_02_24_A,85,en,be careful,Swahili equivalent: tahadhari,,tahadhari,v,,both,,,,,,FreeDict,GPL-2.0-or-later (see package COPYING/README),https://freedict.org/downloads/,eng-swh.tei
BATCH_ENSW_FREEDICT_2026_02_24_A,86,en,be changed,Swahili equivalent: badilishwa,,badilishwa,v,,both,,,,,,FreeDict,GPL-2.0-or-later (see package COPYING/README),https://freedict.org/downloads/,eng-swh.tei
BATCH_ENSW_FREEDICT_2026_02_24_A,87,en,be clear,Swahili equivalent: elea,,elea,v,,both,,,,,,FreeDict,GPL-2.0-or-later (see package COPYING/README),https://freedict.org/downloads/,eng-swh.tei
BATCH_ENSW_FREEDICT_2026_02_24_A,88,en,be closed,Swahili equivalent: fungwa,,fungwa,v,,both,,,,,,FreeDict,GPL-2.0-or-later (see package COPYING/README),https://freedict.org/downloads/,eng-swh.tei
BATCH_ENSW_FREEDICT_2026_02_24_A,89,en,be collected,Swahili equivalent: tozwa,,tozwa,v,,both,,,,,,FreeDict,GPL-2.0-or-later (see package COPYING/README),https://freedict.org/downloads/,eng-swh.tei
BATCH_ENSW_FREEDICT_2026_02_24_A,90,en,be comfortable,Swahili equivalent: starehe,,starehe,v,,both,,,,,,FreeDict,GPL-2.0-or-later (see package COPYING/README),https://freedict.org/downloads/,eng-swh.tei
BATCH_ENSW_FREEDICT_2026_02_24_A,91,en,be complete,Swahili equivalent: timia,,timia,v,,both,,,,,,FreeDict,GPL-2.0-or-later (see package COPYING/README),https://freedict.org/downloads/,eng-swh.tei
BATCH_ENSW_FREEDICT_2026_02_24_A,92,en,be cut,Swahili equivalent: katwa,,katwa,v,,both,,,,,,FreeDict,GPL-2.0-or-later (see package COPYING/README),https://freedict.org/downloads/,eng-swh.tei
BATCH_ENSW_FREEDICT_2026_02_24_A,93,en,be delivered,Swahili equivalent: fikishwa,,fikishwa,v,,both,,,,,,FreeDict,GPL-2.0-or-later (see package COPYING/README),https://freedict.org/downloads/,eng-swh.tei
BATCH_ENSW_FREEDICT_2026_02_24_A,94,en,be disturbed,Swahili equivalent: ghasiwa,,ghasiwa,v,,both,,,,,,FreeDict,GPL-2.0-or-later (see package COPYING/README),https://freedict.org/downloads/,eng-swh.tei
BATCH_ENSW_FREEDICT_2026_02_24_A,95,en,be done,Swahili equivalent: fanyika,,fanyika,v,,both,,,,,,FreeDict,GPL-2.0-or-later (see package COPYING/README),https://freedict.org/downloads/,eng-swh.tei
BATCH_ENSW_FREEDICT_2026_02_24_A,96,en,be dried up,Swahili equivalent: kaukwa,,kaukwa,v,,both,,,,,,FreeDict,GPL-2.0-or-later (see package COPYING/README),https://freedict.org/downloads/,eng-swh.tei
BATCH_ENSW_FREEDICT_2026_02_24_A,97,en,be enough,Swahili equivalent: tosha,,tosha,v,,both,,,,,,FreeDict,GPL-2.0-or-later (see package COPYING/README),https://freedict.org/downloads/,eng-swh.tei
BATCH_ENSW_FREEDICT_2026_02_24_A,98,en,be full,Swahili equivalent: shiba,,shiba,v,,both,,,,,,FreeDict,GPL-2.0-or-later (see package COPYING/README),https://freedict.org/downloads/,eng-swh.tei
BATCH_ENSW_FREEDICT_2026_02_24_A,99,en,be given,Swahili equivalent: pewa,,pewa,v,,both,,,,,,FreeDict,GPL-2.0-or-later (see package COPYING/README),https://freedict.org/downloads/,eng-swh.tei
BATCH_ENSW_FREEDICT_2026_02_24_A,100,en,be helped,Swahili equivalent: saidiwa,,saidiwa,v,,both,,,,,,FreeDict,GPL-2.0-or-later (see package COPYING/README),https://freedict.org/downloads/,eng-swh.tei
BATCH_ENSW_FREEDICT_2026_02_24_A,101,en,be in service,Swahili equivalent: tumika,,tumika,v,,both,,,,,,FreeDict,GPL-2.0-or-later (see package COPYING/README),https://freedict.org/downloads/,eng-swh.tei
BATCH_ENSW_FREEDICT_2026_02_24_A,102,en,be in time,Swahili equivalent: wahi,,wahi,v,,both,,,,,,FreeDict,GPL-2.0-or-later (see package COPYING/README),https://freedict.org/downloads/,eng-swh.tei
BATCH_ENSW_FREEDICT_2026_02_24_A,103,en,be injured,Swahili equivalent: umia,,umia,v,,both,,,,,,FreeDict,GPL-2.0-or-later (see package COPYING/README),https://freedict.org/downloads/,eng-swh.tei
BATCH_ENSW_FREEDICT_2026_02_24_A,104,en,be kneaded,Swahili equivalent: kandwa,,kandwa,v,,both,,,,,,FreeDict,GPL-2.0-or-later (see package COPYING/README),https://freedict.org/downloads/,eng-swh.tei
BATCH_ENSW_FREEDICT_2026_02_24_A,105,en,be laid out,Swahili equivalent: tandikwa,,tandikwa,v,,both,,,,,,FreeDict,GPL-2.0-or-later (see package COPYING/README),https://freedict.org/downloads/,eng-swh.tei
BATCH_ENSW_FREEDICT_2026_02_24_A,106,en,be loose,Swahili equivalent: pwaya,,pwaya,v,,both,,,,,,FreeDict,GPL-2.0-or-later (see package COPYING/README),https://freedict.org/downloads/,eng-swh.tei
BATCH_ENSW_FREEDICT_2026_02_24_A,107,en,be married,Swahili equivalent: olewa,,olewa,v,,both,,,,,,FreeDict,GPL-2.0-or-later (see package COPYING/README),https://freedict.org/downloads/,eng-swh.tei
BATCH_ENSW_FREEDICT_2026_02_24_A,108,en,be obtainable,Swahili equivalent: patikana,,patikana,v,,both,,,,,,FreeDict,GPL-2.0-or-later (see package COPYING/README),https://freedict.org/downloads/,eng-swh.tei
BATCH_ENSW_FREEDICT_2026_02_24_A,109,en,be opened,Swahili equivalent: funguliwa,,funguliwa,v,,both,,,,,,FreeDict,GPL-2.0-or-later (see package COPYING/README),https://freedict.org/downloads/,eng-swh.tei
BATCH_ENSW_FREEDICT_2026_02_24_A,110,en,be ordered,Swahili equivalent: amriwa,,amriwa,v,,both,,,,,,FreeDict,GPL-2.0-or-later (see package COPYING/README),https://freedict.org/downloads/,eng-swh.tei
BATCH_ENSW_FREEDICT_2026_02_24_A,111,en,be overcome,Swahili equivalent: shindwa,,shindwa,v,,both,,,,,,FreeDict,GPL-2.0-or-later (see package COPYING/README),https://freedict.org/downloads/,eng-swh.tei
BATCH_ENSW_FREEDICT_2026_02_24_A,112,en,be permitted,Swahili equivalent: ruhusiwa,,ruhusiwa,v,,both,,,,,,FreeDict,GPL-2.0-or-later (see package COPYING/README),https://freedict.org/downloads/,eng-swh.tei
BATCH_ENSW_FREEDICT_2026_02_24_A,113,en,be possible,Swahili equivalent: wezekana,,wezekana,v,,both,,,,,,FreeDict,GPL-2.0-or-later (see package COPYING/README),https://freedict.org/downloads/,eng-swh.tei
BATCH_ENSW_FREEDICT_2026_02_24_A,114,en,be put,Swahili equivalent: tiwa,,tiwa,v,,both,,,,,,FreeDict,GPL-2.0-or-later (see package COPYING/README),https://freedict.org/downloads/,eng-swh.tei
BATCH_ENSW_FREEDICT_2026_02_24_A,115,en,be put,Swahili equivalent: wekwa,,wekwa,v,,both,,,,,,FreeDict,GPL-2.0-or-later (see package COPYING/README),https://freedict.org/downloads/,eng-swh.tei
BATCH_ENSW_FREEDICT_2026_02_24_A,116,en,be quiet,Swahili equivalent: nyamaza,,nyamaza,v,,both,,,,,,FreeDict,GPL-2.0-or-later (see package COPYING/README),https://freedict.org/downloads/,eng-swh.tei
BATCH_ENSW_FREEDICT_2026_02_24_A,117,en,be rented,Swahili equivalent: kodishwa,,kodishwa,v,,both,,,,,,FreeDict,GPL-2.0-or-later (see package COPYING/README),https://freedict.org/downloads/,eng-swh.tei
BATCH_ENSW_FREEDICT_2026_02_24_A,118,en,be repaired,Swahili equivalent: tengenezwa,,tengenezwa,v,,both,,,,,,FreeDict,GPL-2.0-or-later (see package COPYING/README),https://freedict.org/downloads/,eng-swh.tei
BATCH_ENSW_FREEDICT_2026_02_24_A,119,en,be requested,Swahili equivalent: takiwa,,takiwa,v,,both,,,,,,FreeDict,GPL-2.0-or-later (see package COPYING/README),https://freedict.org/downloads/,eng-swh.tei
BATCH_ENSW_FREEDICT_2026_02_24_A,120,en,be required of,Swahili equivalent: lazimu,,lazimu,v,,both,,,,,,FreeDict,GPL-2.0-or-later (see package COPYING/README),https://freedict.org/downloads/,eng-swh.tei
BATCH_ENSW_FREEDICT_2026_02_24_A,121,en,be robbed,Swahili equivalent: ibiwa,,ibiwa,v,,both,,,,,,FreeDict,GPL-2.0-or-later (see package COPYING/README),https://freedict.org/downloads/,eng-swh.tei
BATCH_ENSW_FREEDICT_2026_02_24_A,122,en,be sent,Swahili equivalent: pelekwa,,pelekwa,v,,both,,,,,,FreeDict,GPL-2.0-or-later (see package COPYING/README),https://freedict.org/downloads/,eng-swh.tei
BATCH_ENSW_FREEDICT_2026_02_24_A,123,en,be sent to,Swahili equivalent: pelekewa,,pelekewa,v,,both,,,,,,FreeDict,GPL-2.0-or-later (see package COPYING/README),https://freedict.org/downloads/,eng-swh.tei
BATCH_ENSW_FREEDICT_2026_02_24_A,124,en,be sick,Swahili equivalent: umwa,,umwa,v,,both,,,,,,FreeDict,GPL-2.0-or-later (see package COPYING/README),https://freedict.org/downloads/,eng-swh.tei
BATCH_ENSW_FREEDICT_2026_02_24_A,125,en,be sorry,Swahili equivalent: sikitika,,sikitika,v,,both,,,,,,FreeDict,GPL-2.0-or-later (see package COPYING/README),https://freedict.org/downloads/,eng-swh.tei
BATCH_ENSW_FREEDICT_2026_02_24_A,126,en,be torn,Swahili equivalent: chanika,,chanika,v,,both,,,,,,FreeDict,GPL-2.0-or-later (see package COPYING/README),https://freedict.org/downloads/,eng-swh.tei
BATCH_ENSW_FREEDICT_2026_02_24_A,127,en,be twisted,Swahili equivalent: pindwa,,pindwa,v,,both,,,,,,FreeDict,GPL-2.0-or-later (see package COPYING/README),https://freedict.org/downloads/,eng-swh.tei
BATCH_ENSW_FREEDICT_2026_02_24_A,128,en,be used,Swahili equivalent: tumiwa,,tumiwa,v,,both,,,,,,FreeDict,GPL-2.0-or-later (see package COPYING/README),https://freedict.org/downloads/,eng-swh.tei
BATCH_ENSW_FREEDICT_2026_02_24_A,129,en,be useful,Swahili equivalent: faa,,faa,v,,both,,,,,,FreeDict,GPL-2.0-or-later (see package COPYING/README),https://freedict.org/downloads/,eng-swh.tei
BATCH_ENSW_FREEDICT_2026_02_24_A,130,en,be washed,Swahili equivalent: fuliwa,,fuliwa,v,,both,,,,,,FreeDict,GPL-2.0-or-later (see package COPYING/README),https://freedict.org/downloads/,eng-swh.tei
BATCH_ENSW_FREEDICT_2026_02_24_A,131,en,be written,Swahili equivalent: andikwa,,andikwa,v,,both,,,,,,FreeDict,GPL-2.0-or-later (see package COPYING/README),https://freedict.org/downloads/,eng-swh.tei
BATCH_ENSW_FREEDICT_2026_02_24_A,132,en,bean,Swahili equivalent: ukunde,,ukunde,n,,both,,,,,,FreeDict,GPL-2.0-or-later (see package COPYING/README),https://freedict.org/downloads/,eng-swh.tei
BATCH_ENSW_FREEDICT_2026_02_24_A,133,en,bean cake,Swahili equivalent: bajia,,bajia,n,,both,,,,,,FreeDict,GPL-2.0-or-later (see package COPYING/README),https://freedict.org/downloads/,eng-swh.tei
BATCH_ENSW_FREEDICT_2026_02_24_A,134,en,bear offspring,Swahili equivalent: zaa,,zaa,v,,both,,,,,,FreeDict,GPL-2.0-or-later (see package COPYING/README),https://freedict.org/downloads/,eng-swh.tei
BATCH_ENSW_FREEDICT_2026_02_24_A,135,en,beard,Swahili equivalent: ndevu,,ndevu,n,,both,,,,,,FreeDict,GPL-2.0-or-later (see package COPYING/README),https://freedict.org/downloads/,eng-swh.tei
BATCH_ENSW_FREEDICT_2026_02_24_A,136,en,beauty,Swahili equivalent: uzuri,,uzuri,n,,both,,,,,,FreeDict,GPL-2.0-or-later (see package COPYING/README),https://freedict.org/downloads/,eng-swh.tei
BATCH_ENSW_FREEDICT_2026_02_24_A,137,en,bed,Swahili equivalent: kitanda,,kitanda,n,,both,,,,,,FreeDict,GPL-2.0-or-later (see package COPYING/README),https://freedict.org/downloads/,eng-swh.tei
BATCH_ENSW_FREEDICT_2026_02_24_A,138,en,bee,Swahili equivalent: nyuki,,nyuki,n,,both,,,,,,FreeDict,GPL-2.0-or-later (see package COPYING/README),https://freedict.org/downloads/,eng-swh.tei
BATCH_ENSW_FREEDICT_2026_02_24_A,139,en,beer,Swahili equivalent: pombe,,pombe,n,,both,,,,,,FreeDict,GPL-2.0-or-later (see package COPYING/README),https://freedict.org/downloads/,eng-swh.tei
BATCH_ENSW_FREEDICT_2026_02_24_A,140,en,before,Swahili equivalent: kabla,,kabla,prep,,both,,,,,,FreeDict,GPL-2.0-or-later (see package COPYING/README),https://freedict.org/downloads/,eng-swh.tei
BATCH_ENSW_FREEDICT_2026_02_24_A,141,en,before dawn,Swahili equivalent: alfajiri,,alfajiri,n,,both,,,,,,FreeDict,GPL-2.0-or-later (see package COPYING/README),https://freedict.org/downloads/,eng-swh.tei
BATCH_ENSW_FREEDICT_2026_02_24_A,142,en,beg,Swahili equivalent: omba,,omba,v,,both,,,,,,FreeDict,GPL-2.0-or-later (see package COPYING/README),https://freedict.org/downloads/,eng-swh.tei
BATCH_ENSW_FREEDICT_2026_02_24_A,143,en,beggar,Swahili equivalent: mwombaji,,mwombaji,n,,both,,,,,,FreeDict,GPL-2.0-or-later (see package COPYING/README),https://freedict.org/downloads/,eng-swh.tei
BATCH_ENSW_FREEDICT_2026_02_24_A,144,en,begin,Swahili equivalent: anza,,anza,v,,both,,,,,,FreeDict,GPL-2.0-or-later (see package COPYING/README),https://freedict.org/downloads/,eng-swh.tei
BATCH_ENSW_FREEDICT_2026_02_24_A,145,en,behavior,Swahili equivalent: mwenendo,,mwenendo,n,,both,,,,,,FreeDict,GPL-2.0-or-later (see package COPYING/README),https://freedict.org/downloads/,eng-swh.tei
BATCH_ENSW_FREEDICT_2026_02_24_A,146,en,behind,Swahili equivalent: nyuma,,nyuma,adv,,both,,,,,,FreeDict,GPL-2.0-or-later (see package COPYING/README),https://freedict.org/downloads/,eng-swh.tei
BATCH_ENSW_FREEDICT_2026_02_24_A,147,en,believe,Swahili equivalent: amini,,amini,v,,both,,,,,,FreeDict,GPL-2.0-or-later (see package COPYING/README),https://freedict.org/downloads/,eng-swh.tei
BATCH_ENSW_FREEDICT_2026_02_24_A,148,en,believe,Swahili equivalent: sadiki,,sadiki,v,,both,,,,,,FreeDict,GPL-2.0-or-later (see package COPYING/README),https://freedict.org/downloads/,eng-swh.tei
BATCH_ENSW_FREEDICT_2026_02_24_A,149,en,bell,Swahili equivalent: kengele,,kengele,n,,both,,,,,,FreeDict,GPL-2.0-or-later (see package COPYING/README),https://freedict.org/downloads/,eng-swh.tei
BATCH_ENSW_FREEDICT_2026_02_24_A,150,en,below,Swahili equivalent: chini,,chini,adv,,both,,,,,,FreeDict,GPL-2.0-or-later (see package COPYING/README),https://freedict.org/downloads/,eng-swh.tei
BATCH_ENSW_FREEDICT_2026_02_24_A,151,en,bend,Swahili equivalent: pindi,,pindi,n,,both,,,,,,FreeDict,GPL-2.0-or-later (see package COPYING/README),https://freedict.org/downloads/,eng-swh.tei
BATCH_ENSW_FREEDICT_2026_02_24_A,152,en,bend down,Swahili equivalent: inama,,inama,v,,both,,,,,,FreeDict,GPL-2.0-or-later (see package COPYING/README),https://freedict.org/downloads/,eng-swh.tei
BATCH_ENSW_FREEDICT_2026_02_24_A,153,en,beverage,Swahili equivalent: kinywaji,,kinywaji,n,,both,,,,,,FreeDict,GPL-2.0-or-later (see package COPYING/README),https://freedict.org/downloads/,eng-swh.tei
BATCH_ENSW_FREEDICT_2026_02_24_A,154,en,Bible,Swahili equivalent: biblia,,biblia,n,,both,,,,,,FreeDict,GPL-2.0-or-later (see package COPYING/README),https://freedict.org/downloads/,eng-swh.tei
BATCH_ENSW_FREEDICT_2026_02_24_A,155,en,big,Swahili equivalent: kubwa,,kubwa,adj,,both,,,,,,FreeDict,GPL-2.0-or-later (see package COPYING/README),https://freedict.org/downloads/,eng-swh.tei
BATCH_ENSW_FREEDICT_2026_02_24_A,156,en,bird,Swahili equivalent: ndege,,ndege,n,,both,,,,,,FreeDict,GPL-2.0-or-later (see package COPYING/README),https://freedict.org/downloads/,eng-swh.tei
BATCH_ENSW_FREEDICT_2026_02_24_A,157,en,bite,Swahili equivalent: uma,,uma,v,,both,,,,,,FreeDict,GPL-2.0-or-later (see package COPYING/README),https://freedict.org/downloads/,eng-swh.tei
BATCH_ENSW_FREEDICT_2026_02_24_A,158,en,biting ant,Swahili equivalent: siafu,,siafu,n,,both,,,,,,FreeDict,GPL-2.0-or-later (see package COPYING/README),https://freedict.org/downloads/,eng-swh.tei
BATCH_ENSW_FREEDICT_2026_02_24_A,159,en,bitter,Swahili equivalent: chungu,,chungu,adj,,both,,,,,,FreeDict,GPL-2.0-or-later (see package COPYING/README),https://freedict.org/downloads/,eng-swh.tei
BATCH_ENSW_FREEDICT_2026_02_24_A,160,en,black,Swahili equivalent: eusi,,eusi,adj,,both,,,,,,FreeDict,GPL-2.0-or-later (see package COPYING/README),https://freedict.org/downloads/,eng-swh.tei
BATCH_ENSW_FREEDICT_2026_02_24_A,161,en,bless,Swahili equivalent: bariki,,bariki,v,,both,,,,,,FreeDict,GPL-2.0-or-later (see package COPYING/README),https://freedict.org/downloads/,eng-swh.tei
BATCH_ENSW_FREEDICT_2026_02_24_A,162,en,blessing,Swahili equivalent: baraka,,baraka,n,,both,,,,,,FreeDict,GPL-2.0-or-later (see package COPYING/README),https://freedict.org/downloads/,eng-swh.tei
BATCH_ENSW_FREEDICT_2026_02_24_A,163,en,blind person,Swahili equivalent: kipofu,,kipofu,n,,both,,,,,,FreeDict,GPL-2.0-or-later (see package COPYING/README),https://freedict.org/downloads/,eng-swh.tei
BATCH_ENSW_FREEDICT_2026_02_24_A,164,en,blister,Swahili equivalent: lengelenge,,lengelenge,n,,both,,,,,,FreeDict,GPL-2.0-or-later (see package COPYING/README),https://freedict.org/downloads/,eng-swh.tei
BATCH_ENSW_FREEDICT_2026_02_24_A,165,en,blood,Swahili equivalent: damu,,damu,n,,both,,,,,,FreeDict,GPL-2.0-or-later (see package COPYING/README),https://freedict.org/downloads/,eng-swh.tei
BATCH_ENSW_FREEDICT_2026_02_24_A,166,en,blue,Swahili equivalent: buluu,,buluu,adj,,both,,,,,,FreeDict,GPL-2.0-or-later (see package COPYING/README),https://freedict.org/downloads/,eng-swh.tei
BATCH_ENSW_FREEDICT_2026_02_24_A,167,en,board,Swahili equivalent: bao,,bao,n,,both,,,,,,FreeDict,GPL-2.0-or-later (see package COPYING/README),https://freedict.org/downloads/,eng-swh.tei
BATCH_ENSW_FREEDICT_2026_02_24_A,168,en,boat,Swahili equivalent: mashua,,mashua,n,,both,,,,,,FreeDict,GPL-2.0-or-later (see package COPYING/README),https://freedict.org/downloads/,eng-swh.tei
BATCH_ENSW_FREEDICT_2026_02_24_A,169,en,body,Swahili equivalent: mwili,,mwili,n,,both,,,,,,FreeDict,GPL-2.0-or-later (see package COPYING/README),https://freedict.org/downloads/,eng-swh.tei
BATCH_ENSW_FREEDICT_2026_02_24_A,170,en,body organ,Swahili equivalent: mshipa,,mshipa,n,,both,,,,,,FreeDict,GPL-2.0-or-later (see package COPYING/README),https://freedict.org/downloads/,eng-swh.tei
BATCH_ENSW_FREEDICT_2026_02_24_A,171,en,boil,Swahili equivalent: jipu,,jipu,n,,both,,,,,,FreeDict,GPL-2.0-or-later (see package COPYING/README),https://freedict.org/downloads/,eng-swh.tei
BATCH_ENSW_FREEDICT_2026_02_24_A,172,en,boil,Swahili equivalent: chemsha,,chemsha,v,,both,,,,,,FreeDict,GPL-2.0-or-later (see package COPYING/README),https://freedict.org/downloads/,eng-swh.tei
BATCH_ENSW_FREEDICT_2026_02_24_A,173,en,bone,Swahili equivalent: mfupa,,mfupa,n,,both,,,,,,FreeDict,GPL-2.0-or-later (see package COPYING/README),https://freedict.org/downloads/,eng-swh.tei
BATCH_ENSW_FREEDICT_2026_02_24_A,174,en,book,Swahili equivalent: kitabu,,kitabu,n,,both,,,,,,FreeDict,GPL-2.0-or-later (see package COPYING/README),https://freedict.org/downloads/,eng-swh.tei
BATCH_ENSW_FREEDICT_2026_02_24_A,175,en,book,Swahili equivalent: msahafu,,msahafu,n,,both,,,,,,FreeDict,GPL-2.0-or-later (see package COPYING/README),https://freedict.org/downloads/,eng-swh.tei
BATCH_ENSW_FREEDICT_2026_02_24_A,176,en,borrow,Swahili equivalent: kopa,,kopa,v,,both,,,,,,FreeDict,GPL-2.0-or-later (see package COPYING/README),https://freedict.org/downloads/,eng-swh.tei
BATCH_ENSW_FREEDICT_2026_02_24_A,177,en,bottle,Swahili equivalent: chupa,,chupa,n,,both,,,,,,FreeDict,GPL-2.0-or-later (see package COPYING/README),https://freedict.org/downloads/,eng-swh.tei
BATCH_ENSW_FREEDICT_2026_02_24_A,178,en,box,Swahili equivalent: sanduku,,sanduku,n,,both,,,,,,FreeDict,GPL-2.0-or-later (see package COPYING/README),https://freedict.org/downloads/,eng-swh.tei
BATCH_ENSW_FREEDICT_2026_02_24_A,179,en,boy,Swahili equivalent: mvulana,,mvulana,n,,both,,,,,,FreeDict,GPL-2.0-or-later (see package COPYING/README),https://freedict.org/downloads/,eng-swh.tei
BATCH_ENSW_FREEDICT_2026_02_24_A,180,en,bracelet,Swahili equivalent: kikuku,,kikuku,n,,both,,,,,,FreeDict,GPL-2.0-or-later (see package COPYING/README),https://freedict.org/downloads/,eng-swh.tei
BATCH_ENSW_FREEDICT_2026_02_24_A,181,en,brain,Swahili equivalent: ubongo,,ubongo,n,,both,,,,,,FreeDict,GPL-2.0-or-later (see package COPYING/README),https://freedict.org/downloads/,eng-swh.tei
BATCH_ENSW_FREEDICT_2026_02_24_A,182,en,brake,Swahili equivalent: kizuizo,,kizuizo,n,,both,,,,,,FreeDict,GPL-2.0-or-later (see package COPYING/README),https://freedict.org/downloads/,eng-swh.tei
BATCH_ENSW_FREEDICT_2026_02_24_A,183,en,brass,Swahili equivalent: shaba,,shaba,n,,both,,,,,,FreeDict,GPL-2.0-or-later (see package COPYING/README),https://freedict.org/downloads/,eng-swh.tei
BATCH_ENSW_FREEDICT_2026_02_24_A,184,en,brassiere,Swahili equivalent: sidiria,,sidiria,n,,both,,,,,,FreeDict,GPL-2.0-or-later (see package COPYING/README),https://freedict.org/downloads/,eng-swh.tei
BATCH_ENSW_FREEDICT_2026_02_24_A,185,en,brave,Swahili equivalent: hodari,,hodari,adj,,both,,,,,,FreeDict,GPL-2.0-or-later (see package COPYING/README),https://freedict.org/downloads/,eng-swh.tei
BATCH_ENSW_FREEDICT_2026_02_24_A,186,en,bread,Swahili equivalent: mkate,,mkate,n,,both,,,,,,FreeDict,GPL-2.0-or-later (see package COPYING/README),https://freedict.org/downloads/,eng-swh.tei
BATCH_ENSW_FREEDICT_2026_02_24_A,187,en,break,Swahili equivalent: vunja,,vunja,v,,both,,,,,,FreeDict,GPL-2.0-or-later (see package COPYING/README),https://freedict.org/downloads/,eng-swh.tei
BATCH_ENSW_FREEDICT_2026_02_24_A,188,en,break down,Swahili equivalent: bomoa,,bomoa,v,,both,,,,,,FreeDict,GPL-2.0-or-later (see package COPYING/README),https://freedict.org/downloads/,eng-swh.tei
BATCH_ENSW_FREEDICT_2026_02_24_A,189,en,break down,Swahili equivalent: haribika,,haribika,v,,both,,,,,,FreeDict,GPL-2.0-or-later (see package COPYING/README),https://freedict.org/downloads/,eng-swh.tei
BATCH_ENSW_FREEDICT_2026_02_24_A,190,en,bream,Swahili equivalent: changu,,changu,n,,both,,,,,,FreeDict,GPL-2.0-or-later (see package COPYING/README),https://freedict.org/downloads/,eng-swh.tei
BATCH_ENSW_FREEDICT_2026_02_24_A,191,en,bridge,Swahili equivalent: daraja,,daraja,n,,both,,,,,,FreeDict,GPL-2.0-or-later (see package COPYING/README),https://freedict.org/downloads/,eng-swh.tei
BATCH_ENSW_FREEDICT_2026_02_24_A,192,en,brightness,Swahili equivalent: mwangaza,,mwangaza,n,,both,,,,,,FreeDict,GPL-2.0-or-later (see package COPYING/README),https://freedict.org/downloads/,eng-swh.tei
BATCH_ENSW_FREEDICT_2026_02_24_A,193,en,bring,Swahili equivalent: leta,,leta,v,,both,,,,,,FreeDict,GPL-2.0-or-later (see package COPYING/README),https://freedict.org/downloads/,eng-swh.tei
BATCH_ENSW_FREEDICT_2026_02_24_A,194,en,bring to,Swahili equivalent: letea,,letea,v,,both,,,,,,FreeDict,GPL-2.0-or-later (see package COPYING/README),https://freedict.org/downloads/,eng-swh.tei
BATCH_ENSW_FREEDICT_2026_02_24_A,195,en,bring up,Swahili equivalent: lea,,lea,v,,both,,,,,,FreeDict,GPL-2.0-or-later (see package COPYING/README),https://freedict.org/downloads/,eng-swh.tei
BATCH_ENSW_FREEDICT_2026_02_24_A,196,en,broom,Swahili equivalent: ufagio,,ufagio,n,,both,,,,,,FreeDict,GPL-2.0-or-later (see package COPYING/README),https://freedict.org/downloads/,eng-swh.tei
BATCH_ENSW_FREEDICT_2026_02_24_A,197,en,brother,Swahili equivalent: kaka,,kaka,n,,both,,,,,,FreeDict,GPL-2.0-or-later (see package COPYING/README),https://freedict.org/downloads/,eng-swh.tei
BATCH_ENSW_FREEDICT_2026_02_24_A,198,en,brown,Swahili equivalent: kahawia,,kahawia,adj,,both,,,,,,FreeDict,GPL-2.0-or-later (see package COPYING/README),https://freedict.org/downloads/,eng-swh.tei
BATCH_ENSW_FREEDICT_2026_02_24_A,199,en,bubble up,Swahili equivalent: chemka,,chemka,v,,both,,,,,,FreeDict,GPL-2.0-or-later (see package COPYING/README),https://freedict.org/downloads/,eng-swh.tei
BATCH_ENSW_FREEDICT_2026_02_24_A,200,en,buffalo,Swahili equivalent: nyati,,nyati,n,,both,,,,,,FreeDict,GPL-2.0-or-later (see package COPYING/README),https://freedict.org/downloads/,eng-swh.tei
BATCH_ENSW_FREEDICT_2026_02_24_A,201,en,build,Swahili equivalent: jenga,,jenga,v,,both,,,,,,FreeDict,GPL-2.0-or-later (see package COPYING/README),https://freedict.org/downloads/,eng-swh.tei
BATCH_ENSW_FREEDICT_2026_02_24_A,202,en,bunch,Swahili equivalent: shada,,shada,n,,both,,,,,,FreeDict,GPL-2.0-or-later (see package COPYING/README),https://freedict.org/downloads/,eng-swh.tei
BATCH_ENSW_FREEDICT_2026_02_24_A,203,en,bundle,Swahili equivalent: furushi,,furushi,n,,both,,,,,,FreeDict,GPL-2.0-or-later (see package COPYING/README),https://freedict.org/downloads/,eng-swh.tei
BATCH_ENSW_FREEDICT_2026_02_24_A,204,en,bundle,Swahili equivalent: tita,,tita,n,,both,,,,,,FreeDict,GPL-2.0-or-later (see package COPYING/README),https://freedict.org/downloads/,eng-swh.tei
BATCH_ENSW_FREEDICT_2026_02_24_A,205,en,burn,Swahili equivalent: waka,,waka,v,,both,,,,,,FreeDict,GPL-2.0-or-later (see package COPYING/README),https://freedict.org/downloads/,eng-swh.tei
BATCH_ENSW_FREEDICT_2026_02_24_A,206,en,but,Swahili equivalent: bali,,bali,conj,,both,,,,,,FreeDict,GPL-2.0-or-later (see package COPYING/README),https://freedict.org/downloads/,eng-swh.tei
BATCH_ENSW_FREEDICT_2026_02_24_A,207,en,but,Swahili equivalent: lakini,,lakini,conj,,both,,,,,,FreeDict,GPL-2.0-or-later (see package COPYING/README),https://freedict.org/downloads/,eng-swh.tei
BATCH_ENSW_FREEDICT_2026_02_24_A,208,en,butter,Swahili equivalent: siagi,,siagi,n,,both,,,,,,FreeDict,GPL-2.0-or-later (see package COPYING/README),https://freedict.org/downloads/,eng-swh.tei
BATCH_ENSW_FREEDICT_2026_02_24_A,209,en,buttock,Swahili equivalent: kitako,,kitako,n,,both,,,,,,FreeDict,GPL-2.0-or-later (see package COPYING/README),https://freedict.org/downloads/,eng-swh.tei
BATCH_ENSW_FREEDICT_2026_02_24_A,210,en,buy,Swahili equivalent: nunua,,nunua,v,,both,,,,,,FreeDict,GPL-2.0-or-later (see package COPYING/README),https://freedict.org/downloads/,eng-swh.tei
BATCH_ENSW_FREEDICT_2026_02_24_A,211,en,cafe,Swahili equivalent: mkahawa,,mkahawa,n,,both,,,,,,FreeDict,GPL-2.0-or-later (see package COPYING/README),https://freedict.org/downloads/,eng-swh.tei
BATCH_ENSW_FREEDICT_2026_02_24_A,212,en,calf,Swahili equivalent: ndama,,ndama,n,,both,,,,,,FreeDict,GPL-2.0-or-later (see package COPYING/README),https://freedict.org/downloads/,eng-swh.tei
BATCH_ENSW_FREEDICT_2026_02_24_A,213,en,call,Swahili equivalent: ita,,ita,v,,both,,,,,,FreeDict,GPL-2.0-or-later (see package COPYING/README),https://freedict.org/downloads/,eng-swh.tei
BATCH_ENSW_FREEDICT_2026_02_24_A,214,en,call on,Swahili equivalent: tembelea,,tembelea,v,,both,,,,,,FreeDict,GPL-2.0-or-later (see package COPYING/README),https://freedict.org/downloads/,eng-swh.tei
BATCH_ENSW_FREEDICT_2026_02_24_A,215,en,camel,Swahili equivalent: ngamia,,ngamia,n,,both,,,,,,FreeDict,GPL-2.0-or-later (see package COPYING/README),https://freedict.org/downloads/,eng-swh.tei
BATCH_ENSW_FREEDICT_2026_02_24_A,216,en,can,Swahili equivalent: mkebe,,mkebe,n,,both,,,,,,FreeDict,GPL-2.0-or-later (see package COPYING/README),https://freedict.org/downloads/,eng-swh.tei
BATCH_ENSW_FREEDICT_2026_02_24_A,217,en,captain,Swahili equivalent: nahodha,,nahodha,n,,both,,,,,,FreeDict,GPL-2.0-or-later (see package COPYING/README),https://freedict.org/downloads/,eng-swh.tei
BATCH_ENSW_FREEDICT_2026_02_24_A,218,en,care for,Swahili equivalent: tunza,,tunza,v,,both,,,,,,FreeDict,GPL-2.0-or-later (see package COPYING/README),https://freedict.org/downloads/,eng-swh.tei
BATCH_ENSW_FREEDICT_2026_02_24_A,219,en,carelessly,Swahili equivalent: ovyo,,ovyo,adv,,both,,,,,,FreeDict,GPL-2.0-or-later (see package COPYING/README),https://freedict.org/downloads/,eng-swh.tei
BATCH_ENSW_FREEDICT_2026_02_24_A,220,en,caretaker,Swahili equivalent: mtunza,,mtunza,n,,both,,,,,,FreeDict,GPL-2.0-or-later (see package COPYING/README),https://freedict.org/downloads/,eng-swh.tei
BATCH_ENSW_FREEDICT_2026_02_24_A,221,en,carpenter,Swahili equivalent: seremala,,seremala,n,,both,,,,,,FreeDict,GPL-2.0-or-later (see package COPYING/README),https://freedict.org/downloads/,eng-swh.tei
BATCH_ENSW_FREEDICT_2026_02_24_A,222,en,carry,Swahili equivalent: beba,,beba,v,,both,,,,,,FreeDict,GPL-2.0-or-later (see package COPYING/README),https://freedict.org/downloads/,eng-swh.tei
BATCH_ENSW_FREEDICT_2026_02_24_A,223,en,carry,Swahili equivalent: chukua,,chukua,v,,both,,,,,,FreeDict,GPL-2.0-or-later (see package COPYING/README),https://freedict.org/downloads/,eng-swh.tei
BATCH_ENSW_FREEDICT_2026_02_24_A,224,en,carry for,Swahili equivalent: chukulia,,chukulia,v,,both,,,,,,FreeDict,GPL-2.0-or-later (see package COPYING/README),https://freedict.org/downloads/,eng-swh.tei
BATCH_ENSW_FREEDICT_2026_02_24_A,225,en,cassava,Swahili equivalent: muhogo,,muhogo,n,,both,,,,,,FreeDict,GPL-2.0-or-later (see package COPYING/README),https://freedict.org/downloads/,eng-swh.tei
BATCH_ENSW_FREEDICT_2026_02_24_A,226,en,cat,Swahili equivalent: paka,,paka,n,,both,,,,,,FreeDict,GPL-2.0-or-later (see package COPYING/README),https://freedict.org/downloads/,eng-swh.tei
BATCH_ENSW_FREEDICT_2026_02_24_A,227,en,caution,Swahili equivalent: hadhari,,hadhari,n,,both,,,,,,FreeDict,GPL-2.0-or-later (see package COPYING/README),https://freedict.org/downloads/,eng-swh.tei
BATCH_ENSW_FREEDICT_2026_02_24_A,228,en,cent,Swahili equivalent: senti,,senti,n,,both,,,,,,FreeDict,GPL-2.0-or-later (see package COPYING/README),https://freedict.org/downloads/,eng-swh.tei
BATCH_ENSW_FREEDICT_2026_02_24_A,229,en,centipede,Swahili equivalent: tandu,,tandu,n,,both,,,,,,FreeDict,GPL-2.0-or-later (see package COPYING/README),https://freedict.org/downloads/,eng-swh.tei
BATCH_ENSW_FREEDICT_2026_02_24_A,230,en,ceremonial dance,Swahili equivalent: unyago,,unyago,n,,both,,,,,,FreeDict,GPL-2.0-or-later (see package COPYING/README),https://freedict.org/downloads/,eng-swh.tei
BATCH_ENSW_FREEDICT_2026_02_24_A,231,en,certainly not,Swahili equivalent: hasha!,,hasha!,interj,,both,,,,,,FreeDict,GPL-2.0-or-later (see package COPYING/README),https://freedict.org/downloads/,eng-swh.tei
BATCH_ENSW_FREEDICT_2026_02_24_A,232,en,certainty,Swahili equivalent: hakika,,hakika,n,,both,,,,,,FreeDict,GPL-2.0-or-later (see package COPYING/README),https://freedict.org/downloads/,eng-swh.tei
BATCH_ENSW_FREEDICT_2026_02_24_A,233,en,certificate,Swahili equivalent: cheti,,cheti,n,,both,,,,,,FreeDict,GPL-2.0-or-later (see package COPYING/README),https://freedict.org/downloads/,eng-swh.tei
BATCH_ENSW_FREEDICT_2026_02_24_A,234,en,chain,Swahili equivalent: mnyororo,,mnyororo,n,,both,,,,,,FreeDict,GPL-2.0-or-later (see package COPYING/README),https://freedict.org/downloads/,eng-swh.tei
BATCH_ENSW_FREEDICT_2026_02_24_A,235,en,chair,Swahili equivalent: kiti,,kiti,n,,both,,,,,,FreeDict,GPL-2.0-or-later (see package COPYING/README),https://freedict.org/downloads/,eng-swh.tei
BATCH_ENSW_FREEDICT_2026_02_24_A,236,en,change,Swahili equivalent: badilisha,,badilisha,v,,both,,,,,,FreeDict,GPL-2.0-or-later (see package COPYING/README),https://freedict.org/downloads/,eng-swh.tei
BATCH_ENSW_FREEDICT_2026_02_24_A,237,en,cheap,Swahili equivalent: rahisi,,rahisi,adj,,both,,,,,,FreeDict,GPL-2.0-or-later (see package COPYING/README),https://freedict.org/downloads/,eng-swh.tei
BATCH_ENSW_FREEDICT_2026_02_24_A,238,en,check,Swahili equivalent: hundi,,hundi,n,,both,,,,,,FreeDict,GPL-2.0-or-later (see package COPYING/README),https://freedict.org/downloads/,eng-swh.tei
BATCH_ENSW_FREEDICT_2026_02_24_A,239,en,cheek,Swahili equivalent: shavu,,shavu,n,,both,,,,,,FreeDict,GPL-2.0-or-later (see package COPYING/README),https://freedict.org/downloads/,eng-swh.tei
BATCH_ENSW_FREEDICT_2026_02_24_A,240,en,cheese,Swahili equivalent: jibini,,jibini,n,,both,,,,,,FreeDict,GPL-2.0-or-later (see package COPYING/README),https://freedict.org/downloads/,eng-swh.tei
BATCH_ENSW_FREEDICT_2026_02_24_A,241,en,chest,Swahili equivalent: kifua,,kifua,n,,both,,,,,,FreeDict,GPL-2.0-or-later (see package COPYING/README),https://freedict.org/downloads/,eng-swh.tei
BATCH_ENSW_FREEDICT_2026_02_24_A,242,en,chest cold,Swahili equivalent: mafua,,mafua,n,,both,,,,,,FreeDict,GPL-2.0-or-later (see package COPYING/README),https://freedict.org/downloads/,eng-swh.tei
BATCH_ENSW_FREEDICT_2026_02_24_A,243,en,chew,Swahili equivalent: tafuna,,tafuna,v,,both,,,,,,FreeDict,GPL-2.0-or-later (see package COPYING/README),https://freedict.org/downloads/,eng-swh.tei
BATCH_ENSW_FREEDICT_2026_02_24_A,244,en,chicken pox,Swahili equivalent: tetekuwanga,,tetekuwanga,n,,both,,,,,,FreeDict,GPL-2.0-or-later (see package COPYING/README),https://freedict.org/downloads/,eng-swh.tei
BATCH_ENSW_FREEDICT_2026_02_24_A,245,en,chief,Swahili equivalent: jumbe,,jumbe,n,,both,,,,,,FreeDict,GPL-2.0-or-later (see package COPYING/README),https://freedict.org/downloads/,eng-swh.tei
BATCH_ENSW_FREEDICT_2026_02_24_A,246,en,child,Swahili equivalent: mtoto,,mtoto,n,,both,,,,,,FreeDict,GPL-2.0-or-later (see package COPYING/README),https://freedict.org/downloads/,eng-swh.tei
BATCH_ENSW_FREEDICT_2026_02_24_A,247,en,childhood,Swahili equivalent: utoto,,utoto,n,,both,,,,,,FreeDict,GPL-2.0-or-later (see package COPYING/README),https://freedict.org/downloads/,eng-swh.tei
BATCH_ENSW_FREEDICT_2026_02_24_A,248,en,chin,Swahili equivalent: kidevu,,kidevu,n,,both,,,,,,FreeDict,GPL-2.0-or-later (see package COPYING/README),https://freedict.org/downloads/,eng-swh.tei
BATCH_ENSW_FREEDICT_2026_02_24_A,249,en,choose,Swahili equivalent: chagua,,chagua,v,,both,,,,,,FreeDict,GPL-2.0-or-later (see package COPYING/README),https://freedict.org/downloads/,eng-swh.tei
BATCH_ENSW_FREEDICT_2026_02_24_A,250,en,church,Swahili equivalent: kanisa,,kanisa,n,,both,,,,,,FreeDict,GPL-2.0-or-later (see package COPYING/README),https://freedict.org/downloads/,eng-swh.tei
BATCH_ENSW_FREEDICT_2026_02_24_A,251,en,circuit,Swahili equivalent: mzunguko,,mzunguko,n,,both,,,,,,FreeDict,GPL-2.0-or-later (see package COPYING/README),https://freedict.org/downloads/,eng-swh.tei
BATCH_ENSW_FREEDICT_2026_02_24_A,252,en,citizen,Swahili equivalent: raia,,raia,n,,both,,,,,,FreeDict,GPL-2.0-or-later (see package COPYING/README),https://freedict.org/downloads/,eng-swh.tei
BATCH_ENSW_FREEDICT_2026_02_24_A,253,en,class,Swahili equivalent: darasa,,darasa,n,,both,,,,,,FreeDict,GPL-2.0-or-later (see package COPYING/README),https://freedict.org/downloads/,eng-swh.tei
BATCH_ENSW_FREEDICT_2026_02_24_A,254,en,clean,Swahili equivalent: safi,,safi,adj,,both,,,,,,FreeDict,GPL-2.0-or-later (see package COPYING/README),https://freedict.org/downloads/,eng-swh.tei
BATCH_ENSW_FREEDICT_2026_02_24_A,255,en,clean,Swahili equivalent: takatifu,,takatifu,adj,,both,,,,,,FreeDict,GPL-2.0-or-later (see package COPYING/README),https://freedict.org/downloads/,eng-swh.tei
BATCH_ENSW_FREEDICT_2026_02_24_A,256,en,cleanse,Swahili equivalent: safisha,,safisha,v,,both,,,,,,FreeDict,GPL-2.0-or-later (see package COPYING/README),https://freedict.org/downloads/,eng-swh.tei
BATCH_ENSW_FREEDICT_2026_02_24_A,257,en,clerk,Swahili equivalent: karani,,karani,n,,both,,,,,,FreeDict,GPL-2.0-or-later (see package COPYING/README),https://freedict.org/downloads/,eng-swh.tei
BATCH_ENSW_FREEDICT_2026_02_24_A,258,en,close,Swahili equivalent: fumba,,fumba,v,,both,,,,,,FreeDict,GPL-2.0-or-later (see package COPYING/README),https://freedict.org/downloads/,eng-swh.tei
BATCH_ENSW_FREEDICT_2026_02_24_A,259,en,cloth,Swahili equivalent: kitambaa,,kitambaa,n,,both,,,,,,FreeDict,GPL-2.0-or-later (see package COPYING/README),https://freedict.org/downloads/,eng-swh.tei
BATCH_ENSW_FREEDICT_2026_02_24_A,260,en,clothes,Swahili equivalent: nguo,,nguo,n,,both,,,,,,FreeDict,GPL-2.0-or-later (see package COPYING/README),https://freedict.org/downloads/,eng-swh.tei
BATCH_ENSW_FREEDICT_2026_02_24_A,261,en,clothes iron,Swahili equivalent: pasi,,pasi,n,,both,,,,,,FreeDict,GPL-2.0-or-later (see package COPYING/README),https://freedict.org/downloads/,eng-swh.tei
BATCH_ENSW_FREEDICT_2026_02_24_A,262,en,coast,Swahili equivalent: pwani,,pwani,n,,both,,,,,,FreeDict,GPL-2.0-or-later (see package COPYING/README),https://freedict.org/downloads/,eng-swh.tei
BATCH_ENSW_FREEDICT_2026_02_24_A,263,en,coat,Swahili equivalent: koti,,koti,n,,both,,,,,,FreeDict,GPL-2.0-or-later (see package COPYING/README),https://freedict.org/downloads/,eng-swh.tei
BATCH_ENSW_FREEDICT_2026_02_24_A,264,en,cock,Swahili equivalent: jogoo,,jogoo,n,,both,,,,,,FreeDict,GPL-2.0-or-later (see package COPYING/README),https://freedict.org/downloads/,eng-swh.tei
BATCH_ENSW_FREEDICT_2026_02_24_A,265,en,coconut,Swahili equivalent: dafu,,dafu,n,,both,,,,,,FreeDict,GPL-2.0-or-later (see package COPYING/README),https://freedict.org/downloads/,eng-swh.tei
BATCH_ENSW_FREEDICT_2026_02_24_A,266,en,coconut,Swahili equivalent: nazi,,nazi,n,,both,,,,,,FreeDict,GPL-2.0-or-later (see package COPYING/README),https://freedict.org/downloads/,eng-swh.tei
BATCH_ENSW_FREEDICT_2026_02_24_A,267,en,coconut palm,Swahili equivalent: mnazi,,mnazi,n,,both,,,,,,FreeDict,GPL-2.0-or-later (see package COPYING/README),https://freedict.org/downloads/,eng-swh.tei
BATCH_ENSW_FREEDICT_2026_02_24_A,268,en,cod,Swahili equivalent: chewa,,chewa,n,,both,,,,,,FreeDict,GPL-2.0-or-later (see package COPYING/README),https://freedict.org/downloads/,eng-swh.tei
BATCH_ENSW_FREEDICT_2026_02_24_A,269,en,coffee,Swahili equivalent: kahawa,,kahawa,n,,both,,,,,,FreeDict,GPL-2.0-or-later (see package COPYING/README),https://freedict.org/downloads/,eng-swh.tei
BATCH_ENSW_FREEDICT_2026_02_24_A,270,en,coin,Swahili equivalent: sarafu,,sarafu,n,,both,,,,,,FreeDict,GPL-2.0-or-later (see package COPYING/README),https://freedict.org/downloads/,eng-swh.tei
BATCH_ENSW_FREEDICT_2026_02_24_A,271,en,cold,Swahili equivalent: baridi,,baridi,n,,both,,,,,,FreeDict,GPL-2.0-or-later (see package COPYING/README),https://freedict.org/downloads/,eng-swh.tei
BATCH_ENSW_FREEDICT_2026_02_24_A,272,en,collarbone,Swahili equivalent: mtulinga,,mtulinga,n,,both,,,,,,FreeDict,GPL-2.0-or-later (see package COPYING/README),https://freedict.org/downloads/,eng-swh.tei
BATCH_ENSW_FREEDICT_2026_02_24_A,273,en,collect,Swahili equivalent: toza,,toza,v,,both,,,,,,FreeDict,GPL-2.0-or-later (see package COPYING/README),https://freedict.org/downloads/,eng-swh.tei
BATCH_ENSW_FREEDICT_2026_02_24_A,274,en,collective work,Swahili equivalent: ujima,,ujima,n,,both,,,,,,FreeDict,GPL-2.0-or-later (see package COPYING/README),https://freedict.org/downloads/,eng-swh.tei
BATCH_ENSW_FREEDICT_2026_02_24_A,275,en,collector,Swahili equivalent: mkusanya,,mkusanya,n,,both,,,,,,FreeDict,GPL-2.0-or-later (see package COPYING/README),https://freedict.org/downloads/,eng-swh.tei
BATCH_ENSW_FREEDICT_2026_02_24_A,276,en,color,Swahili equivalent: rangi,,rangi,n,,both,,,,,,FreeDict,GPL-2.0-or-later (see package COPYING/README),https://freedict.org/downloads/,eng-swh.tei
BATCH_ENSW_FREEDICT_2026_02_24_A,277,en,comb,Swahili equivalent: kitana,,kitana,n,,both,,,,,,FreeDict,GPL-2.0-or-later (see package COPYING/README),https://freedict.org/downloads/,eng-swh.tei
BATCH_ENSW_FREEDICT_2026_02_24_A,278,en,come,Swahili equivalent: ja,,ja,v,,both,,,,,,FreeDict,GPL-2.0-or-later (see package COPYING/README),https://freedict.org/downloads/,eng-swh.tei
BATCH_ENSW_FREEDICT_2026_02_24_A,279,en,come across,Swahili equivalent: kuta,,kuta,v,,both,,,,,,FreeDict,GPL-2.0-or-later (see package COPYING/README),https://freedict.org/downloads/,eng-swh.tei
BATCH_ENSW_FREEDICT_2026_02_24_A,280,en,come!,Swahili equivalent: njoo!,,njoo!,irrv,,both,,,,,,FreeDict,GPL-2.0-or-later (see package COPYING/README),https://freedict.org/downloads/,eng-swh.tei
BATCH_ENSW_FREEDICT_2026_02_24_A,281,en,commerce,Swahili equivalent: biashara,,biashara,n,,both,,,,,,FreeDict,GPL-2.0-or-later (see package COPYING/README),https://freedict.org/downloads/,eng-swh.tei
BATCH_ENSW_FREEDICT_2026_02_24_A,282,en,companion,Swahili equivalent: mwenzi,,mwenzi,n,,both,,,,,,FreeDict,GPL-2.0-or-later (see package COPYING/README),https://freedict.org/downloads/,eng-swh.tei
BATCH_ENSW_FREEDICT_2026_02_24_A,283,en,competition,Swahili equivalent: shindano,,shindano,n,,both,,,,,,FreeDict,GPL-2.0-or-later (see package COPYING/README),https://freedict.org/downloads/,eng-swh.tei
BATCH_ENSW_FREEDICT_2026_02_24_A,284,en,complete,Swahili equivalent: kamili,,kamili,v,,both,,,,,,FreeDict,GPL-2.0-or-later (see package COPYING/README),https://freedict.org/downloads/,eng-swh.tei
BATCH_ENSW_FREEDICT_2026_02_24_A,285,en,complete,Swahili equivalent: kamili,,kamili,adj,,both,,,,,,FreeDict,GPL-2.0-or-later (see package COPYING/README),https://freedict.org/downloads/,eng-swh.tei
BATCH_ENSW_FREEDICT_2026_02_24_A,286,en,conductor,Swahili equivalent: utingo,,utingo,n,,both,,,,,,FreeDict,GPL-2.0-or-later (see package COPYING/README),https://freedict.org/downloads/,eng-swh.tei
BATCH_ENSW_FREEDICT_2026_02_24_A,287,en,confuse,Swahili equivalent: ghasi,,ghasi,v,,both,,,,,,FreeDict,GPL-2.0-or-later (see package COPYING/README),https://freedict.org/downloads/,eng-swh.tei
BATCH_ENSW_FREEDICT_2026_02_24_A,288,en,confusion,Swahili equivalent: ghasia,,ghasia,n,,both,,,,,,FreeDict,GPL-2.0-or-later (see package COPYING/README),https://freedict.org/downloads/,eng-swh.tei
BATCH_ENSW_FREEDICT_2026_02_24_A,289,en,congratulations,Swahili equivalent: pongezi,,pongezi,n,,both,,,,,,FreeDict,GPL-2.0-or-later (see package COPYING/README),https://freedict.org/downloads/,eng-swh.tei
BATCH_ENSW_FREEDICT_2026_02_24_A,290,en,consider,Swahili equivalent: fikiri,,fikiri,v,,both,,,,,,FreeDict,GPL-2.0-or-later (see package COPYING/README),https://freedict.org/downloads/,eng-swh.tei
BATCH_ENSW_FREEDICT_2026_02_24_A,291,en,content,Swahili equivalent: radhi,,radhi,adj,,both,,,,,,FreeDict,GPL-2.0-or-later (see package COPYING/README),https://freedict.org/downloads/,eng-swh.tei
BATCH_ENSW_FREEDICT_2026_02_24_A,292,en,continue,Swahili equivalent: endelea,,endelea,v,,both,,,,,,FreeDict,GPL-2.0-or-later (see package COPYING/README),https://freedict.org/downloads/,eng-swh.tei
BATCH_ENSW_FREEDICT_2026_02_24_A,293,en,contradict,Swahili equivalent: gomba,,gomba,v,,both,,,,,,FreeDict,GPL-2.0-or-later (see package COPYING/README),https://freedict.org/downloads/,eng-swh.tei
BATCH_ENSW_FREEDICT_2026_02_24_A,294,en,converse,Swahili equivalent: ongea,,ongea,v,,both,,,,,,FreeDict,GPL-2.0-or-later (see package COPYING/README),https://freedict.org/downloads/,eng-swh.tei
BATCH_ENSW_FREEDICT_2026_02_24_A,295,en,converse in,Swahili equivalent: zungumzia,,zungumzia,v,,both,,,,,,FreeDict,GPL-2.0-or-later (see package COPYING/README),https://freedict.org/downloads/,eng-swh.tei
BATCH_ENSW_FREEDICT_2026_02_24_A,296,en,cook,Swahili equivalent: mpishi,,mpishi,n,,both,,,,,,FreeDict,GPL-2.0-or-later (see package COPYING/README),https://freedict.org/downloads/,eng-swh.tei
BATCH_ENSW_FREEDICT_2026_02_24_A,297,en,cook,Swahili equivalent: pika,,pika,v,,both,,,,,,FreeDict,GPL-2.0-or-later (see package COPYING/README),https://freedict.org/downloads/,eng-swh.tei
BATCH_ENSW_FREEDICT_2026_02_24_A,298,en,cook in,Swahili equivalent: pikia,,pikia,v,,both,,,,,,FreeDict,GPL-2.0-or-later (see package COPYING/README),https://freedict.org/downloads/,eng-swh.tei
BATCH_ENSW_FREEDICT_2026_02_24_A,299,en,cooking pot,Swahili equivalent: chungu,,chungu,n,,both,,,,,,FreeDict,GPL-2.0-or-later (see package COPYING/README),https://freedict.org/downloads/,eng-swh.tei
BATCH_ENSW_FREEDICT_2026_02_24_A,300,en,cool,Swahili equivalent: poza,,poza,v,,both,,,,,,FreeDict,GPL-2.0-or-later (see package COPYING/README),https://freedict.org/downloads/,eng-swh.tei
BATCH_ENSW_FREEDICT_2026_02_24_A,301,en,cool down,Swahili equivalent: poa,,poa,v,,both,,,,,,FreeDict,GPL-2.0-or-later (see package COPYING/README),https://freedict.org/downloads/,eng-swh.tei
BATCH_ENSW_FREEDICT_2026_02_24_A,302,en,cool season,Swahili equivalent: kipupwe,,kipupwe,n,,both,,,,,,FreeDict,GPL-2.0-or-later (see package COPYING/README),https://freedict.org/downloads/,eng-swh.tei
BATCH_ENSW_FREEDICT_2026_02_24_A,303,en,cool south wind,Swahili equivalent: kusi,,kusi,n,,both,,,,,,FreeDict,GPL-2.0-or-later (see package COPYING/README),https://freedict.org/downloads/,eng-swh.tei
BATCH_ENSW_FREEDICT_2026_02_24_A,304,en,copy,Swahili equivalent: fuatisha,,fuatisha,v,,both,,,,,,FreeDict,GPL-2.0-or-later (see package COPYING/README),https://freedict.org/downloads/,eng-swh.tei
BATCH_ENSW_FREEDICT_2026_02_24_A,305,en,cord,Swahili equivalent: uzi,,uzi,n,,both,,,,,,FreeDict,GPL-2.0-or-later (see package COPYING/README),https://freedict.org/downloads/,eng-swh.tei
BATCH_ENSW_FREEDICT_2026_02_24_A,306,en,cork,Swahili equivalent: kizibo,,kizibo,n,,both,,,,,,FreeDict,GPL-2.0-or-later (see package COPYING/README),https://freedict.org/downloads/,eng-swh.tei
BATCH_ENSW_FREEDICT_2026_02_24_A,307,en,corpse,Swahili equivalent: maiti,,maiti,n,,both,,,,,,FreeDict,GPL-2.0-or-later (see package COPYING/README),https://freedict.org/downloads/,eng-swh.tei
BATCH_ENSW_FREEDICT_2026_02_24_A,308,en,correct,Swahili equivalent: sahihisha,,sahihisha,v,,both,,,,,,FreeDict,GPL-2.0-or-later (see package COPYING/README),https://freedict.org/downloads/,eng-swh.tei
BATCH_ENSW_FREEDICT_2026_02_24_A,309,en,correct,Swahili equivalent: sahihi,,sahihi,adj,,both,,,,,,FreeDict,GPL-2.0-or-later (see package COPYING/README),https://freedict.org/downloads/,eng-swh.tei
BATCH_ENSW_FREEDICT_2026_02_24_A,310,en,cotton,Swahili equivalent: pamba,,pamba,n,,both,,,,,,FreeDict,GPL-2.0-or-later (see package COPYING/README),https://freedict.org/downloads/,eng-swh.tei
BATCH_ENSW_FREEDICT_2026_02_24_A,311,en,cough,Swahili equivalent: kikohozi,,kikohozi,n,,both,,,,,,FreeDict,GPL-2.0-or-later (see package COPYING/README),https://freedict.org/downloads/,eng-swh.tei
BATCH_ENSW_FREEDICT_2026_02_24_A,312,en,count,Swahili equivalent: hesabu,,hesabu,v,,both,,,,,,FreeDict,GPL-2.0-or-later (see package COPYING/README),https://freedict.org/downloads/,eng-swh.tei
BATCH_ENSW_FREEDICT_2026_02_24_A,313,en,country,Swahili equivalent: nchi,,nchi,n,,both,,,,,,FreeDict,GPL-2.0-or-later (see package COPYING/README),https://freedict.org/downloads/,eng-swh.tei
BATCH_ENSW_FREEDICT_2026_02_24_A,314,en,course,Swahili equivalent: mwendo,,mwendo,n,,both,,,,,,FreeDict,GPL-2.0-or-later (see package COPYING/README),https://freedict.org/downloads/,eng-swh.tei
BATCH_ENSW_FREEDICT_2026_02_24_A,315,en,cover,Swahili equivalent: funika,,funika,v,,both,,,,,,FreeDict,GPL-2.0-or-later (see package COPYING/README),https://freedict.org/downloads/,eng-swh.tei
BATCH_ENSW_FREEDICT_2026_02_24_A,316,en,cow,Swahili equivalent: ng'ombe,,ng'ombe,n,,both,,,,,,FreeDict,GPL-2.0-or-later (see package COPYING/README),https://freedict.org/downloads/,eng-swh.tei
BATCH_ENSW_FREEDICT_2026_02_24_A,317,en,crack,Swahili equivalent: ufa,,ufa,n,,both,,,,,,FreeDict,GPL-2.0-or-later (see package COPYING/README),https://freedict.org/downloads/,eng-swh.tei
BATCH_ENSW_FREEDICT_2026_02_24_A,318,en,craftsman,Swahili equivalent: fundi,,fundi,n,,both,,,,,,FreeDict,GPL-2.0-or-later (see package COPYING/README),https://freedict.org/downloads/,eng-swh.tei
BATCH_ENSW_FREEDICT_2026_02_24_A,319,en,create,Swahili equivalent: umba,,umba,v,,both,,,,,,FreeDict,GPL-2.0-or-later (see package COPYING/README),https://freedict.org/downloads/,eng-swh.tei
BATCH_ENSW_FREEDICT_2026_02_24_A,320,en,crocodile,Swahili equivalent: mamba,,mamba,n,,both,,,,,,FreeDict,GPL-2.0-or-later (see package COPYING/README),https://freedict.org/downloads/,eng-swh.tei
BATCH_ENSW_FREEDICT_2026_02_24_A,321,en,cross,Swahili equivalent: msalaba,,msalaba,n,,both,,,,,,FreeDict,GPL-2.0-or-later (see package COPYING/README),https://freedict.org/downloads/,eng-swh.tei
BATCH_ENSW_FREEDICT_2026_02_24_A,322,en,cross over,Swahili equivalent: vuka,,vuka,v,,both,,,,,,FreeDict,GPL-2.0-or-later (see package COPYING/README),https://freedict.org/downloads/,eng-swh.tei
BATCH_ENSW_FREEDICT_2026_02_24_A,323,en,crossing,Swahili equivalent: kivuko,,kivuko,n,,both,,,,,,FreeDict,GPL-2.0-or-later (see package COPYING/README),https://freedict.org/downloads/,eng-swh.tei
BATCH_ENSW_FREEDICT_2026_02_24_A,324,en,crowbar,Swahili equivalent: mtalimbo,,mtalimbo,n,,both,,,,,,FreeDict,GPL-2.0-or-later (see package COPYING/README),https://freedict.org/downloads/,eng-swh.tei
BATCH_ENSW_FREEDICT_2026_02_24_A,325,en,crush,Swahili equivalent: ponda,,ponda,v,,both,,,,,,FreeDict,GPL-2.0-or-later (see package COPYING/README),https://freedict.org/downloads/,eng-swh.tei
BATCH_ENSW_FREEDICT_2026_02_24_A,326,en,cry out,Swahili equivalent: lia,,lia,v,,both,,,,,,FreeDict,GPL-2.0-or-later (see package COPYING/README),https://freedict.org/downloads/,eng-swh.tei
BATCH_ENSW_FREEDICT_2026_02_24_A,327,en,cucumber,Swahili equivalent: tango,,tango,n,,both,,,,,,FreeDict,GPL-2.0-or-later (see package COPYING/README),https://freedict.org/downloads/,eng-swh.tei
BATCH_ENSW_FREEDICT_2026_02_24_A,328,en,cunning,Swahili equivalent: erevu,,erevu,adj,,both,,,,,,FreeDict,GPL-2.0-or-later (see package COPYING/README),https://freedict.org/downloads/,eng-swh.tei
BATCH_ENSW_FREEDICT_2026_02_24_A,329,en,cup,Swahili equivalent: kikombe,,kikombe,n,,both,,,,,,FreeDict,GPL-2.0-or-later (see package COPYING/README),https://freedict.org/downloads/,eng-swh.tei
BATCH_ENSW_FREEDICT_2026_02_24_A,330,en,cure,Swahili equivalent: ponya,,ponya,v,,both,,,,,,FreeDict,GPL-2.0-or-later (see package COPYING/README),https://freedict.org/downloads/,eng-swh.tei
BATCH_ENSW_FREEDICT_2026_02_24_A,331,en,custom,Swahili equivalent: desturi,,desturi,n,,both,,,,,,FreeDict,GPL-2.0-or-later (see package COPYING/README),https://freedict.org/downloads/,eng-swh.tei
BATCH_ENSW_FREEDICT_2026_02_24_A,332,en,custom,Swahili equivalent: kawaida,,kawaida,n,,both,,,,,,FreeDict,GPL-2.0-or-later (see package COPYING/README),https://freedict.org/downloads/,eng-swh.tei
BATCH_ENSW_FREEDICT_2026_02_24_A,333,en,Custom House,Swahili equivalent: forodha,,forodha,n,,both,,,,,,FreeDict,GPL-2.0-or-later (see package COPYING/README),https://freedict.org/downloads/,eng-swh.tei
BATCH_ENSW_FREEDICT_2026_02_24_A,334,en,cut,Swahili equivalent: kata,,kata,v,,both,,,,,,FreeDict,GPL-2.0-or-later (see package COPYING/README),https://freedict.org/downloads/,eng-swh.tei
BATCH_ENSW_FREEDICT_2026_02_24_A,335,en,danger,Swahili equivalent: hatari,,hatari,n,,both,,,,,,FreeDict,GPL-2.0-or-later (see package COPYING/README),https://freedict.org/downloads/,eng-swh.tei
BATCH_ENSW_FREEDICT_2026_02_24_A,336,en,darkness,Swahili equivalent: giza,,giza,n,,both,,,,,,FreeDict,GPL-2.0-or-later (see package COPYING/README),https://freedict.org/downloads/,eng-swh.tei
BATCH_ENSW_FREEDICT_2026_02_24_A,337,en,date,Swahili equivalent: tarehe,,tarehe,n,,both,,,,,,FreeDict,GPL-2.0-or-later (see package COPYING/README),https://freedict.org/downloads/,eng-swh.tei
BATCH_ENSW_FREEDICT_2026_02_24_A,338,en,date,Swahili equivalent: tende,,tende,n,,both,,,,,,FreeDict,GPL-2.0-or-later (see package COPYING/README),https://freedict.org/downloads/,eng-swh.tei
BATCH_ENSW_FREEDICT_2026_02_24_A,339,en,date palm,Swahili equivalent: mtende,,mtende,n,,both,,,,,,FreeDict,GPL-2.0-or-later (see package COPYING/README),https://freedict.org/downloads/,eng-swh.tei
BATCH_ENSW_FREEDICT_2026_02_24_A,340,en,daughter,Swahili equivalent: binti,,binti,n,,both,,,,,,FreeDict,GPL-2.0-or-later (see package COPYING/README),https://freedict.org/downloads/,eng-swh.tei
BATCH_ENSW_FREEDICT_2026_02_24_A,341,en,dawn,Swahili equivalent: pambazuka,,pambazuka,v,,both,,,,,,FreeDict,GPL-2.0-or-later (see package COPYING/README),https://freedict.org/downloads/,eng-swh.tei
BATCH_ENSW_FREEDICT_2026_02_24_A,342,en,day,Swahili equivalent: siku,,siku,n,,both,,,,,,FreeDict,GPL-2.0-or-later (see package COPYING/README),https://freedict.org/downloads/,eng-swh.tei
BATCH_ENSW_FREEDICT_2026_02_24_A,343,en,daytime,Swahili equivalent: mchana,,mchana,n,,both,,,,,,FreeDict,GPL-2.0-or-later (see package COPYING/README),https://freedict.org/downloads/,eng-swh.tei
BATCH_ENSW_FREEDICT_2026_02_24_A,344,en,deaf person,Swahili equivalent: kiziwi,,kiziwi,n,,both,,,,,,FreeDict,GPL-2.0-or-later (see package COPYING/README),https://freedict.org/downloads/,eng-swh.tei
BATCH_ENSW_FREEDICT_2026_02_24_A,345,en,December,Swahili equivalent: Desemba,,Desemba,n,,both,,,,,,FreeDict,GPL-2.0-or-later (see package COPYING/README),https://freedict.org/downloads/,eng-swh.tei
BATCH_ENSW_FREEDICT_2026_02_24_A,346,en,deck,Swahili equivalent: sitaha,,sitaha,n,,both,,,,,,FreeDict,GPL-2.0-or-later (see package COPYING/README),https://freedict.org/downloads/,eng-swh.tei
BATCH_ENSW_FREEDICT_2026_02_24_A,347,en,deed,Swahili equivalent: tendo,,tendo,n,,both,,,,,,FreeDict,GPL-2.0-or-later (see package COPYING/README),https://freedict.org/downloads/,eng-swh.tei
BATCH_ENSW_FREEDICT_2026_02_24_A,348,en,delay,Swahili equivalent: chelewa,,chelewa,v,,both,,,,,,FreeDict,GPL-2.0-or-later (see package COPYING/README),https://freedict.org/downloads/,eng-swh.tei
BATCH_ENSW_FREEDICT_2026_02_24_A,349,en,deny,Swahili equivalent: kana,,kana,v,,both,,,,,,FreeDict,GPL-2.0-or-later (see package COPYING/README),https://freedict.org/downloads/,eng-swh.tei
BATCH_ENSW_FREEDICT_2026_02_24_A,350,en,descent,Swahili equivalent: mtelemko,,mtelemko,n,,both,,,,,,FreeDict,GPL-2.0-or-later (see package COPYING/README),https://freedict.org/downloads/,eng-swh.tei
BATCH_ENSW_FREEDICT_2026_02_24_A,351,en,desire,Swahili equivalent: tumai,,tumai,v,,both,,,,,,FreeDict,GPL-2.0-or-later (see package COPYING/README),https://freedict.org/downloads/,eng-swh.tei
BATCH_ENSW_FREEDICT_2026_02_24_A,352,en,despise,Swahili equivalent: dharau,,dharau,v,,both,,,,,,FreeDict,GPL-2.0-or-later (see package COPYING/README),https://freedict.org/downloads/,eng-swh.tei
BATCH_ENSW_FREEDICT_2026_02_24_A,353,en,destroy,Swahili equivalent: haribu,,haribu,v,,both,,,,,,FreeDict,GPL-2.0-or-later (see package COPYING/README),https://freedict.org/downloads/,eng-swh.tei
BATCH_ENSW_FREEDICT_2026_02_24_A,354,en,dictionary,Swahili equivalent: kamusi,,kamusi,n,,both,,,,,,FreeDict,GPL-2.0-or-later (see package COPYING/README),https://freedict.org/downloads/,eng-swh.tei
BATCH_ENSW_FREEDICT_2026_02_24_A,355,en,die,Swahili equivalent: fa,,fa,v,,both,,,,,,FreeDict,GPL-2.0-or-later (see package COPYING/README),https://freedict.org/downloads/,eng-swh.tei
BATCH_ENSW_FREEDICT_2026_02_24_A,356,en,difference,Swahili equivalent: tofauti,,tofauti,n,,both,,,,,,FreeDict,GPL-2.0-or-later (see package COPYING/README),https://freedict.org/downloads/,eng-swh.tei
BATCH_ENSW_FREEDICT_2026_02_24_A,357,en,different,Swahili equivalent: mbalimbali,,mbalimbali,adj,,both,,,,,,FreeDict,GPL-2.0-or-later (see package COPYING/README),https://freedict.org/downloads/,eng-swh.tei
BATCH_ENSW_FREEDICT_2026_02_24_A,358,en,diminish,Swahili equivalent: pungua,,pungua,v,,both,,,,,,FreeDict,GPL-2.0-or-later (see package COPYING/README),https://freedict.org/downloads/,eng-swh.tei
BATCH_ENSW_FREEDICT_2026_02_24_A,359,en,direct,Swahili equivalent: elekeza,,elekeza,v,,both,,,,,,FreeDict,GPL-2.0-or-later (see package COPYING/README),https://freedict.org/downloads/,eng-swh.tei
BATCH_ENSW_FREEDICT_2026_02_24_A,360,en,dirty,Swahili equivalent: chafu,,chafu,adj,,both,,,,,,FreeDict,GPL-2.0-or-later (see package COPYING/README),https://freedict.org/downloads/,eng-swh.tei
BATCH_ENSW_FREEDICT_2026_02_24_A,361,en,discount,Swahili equivalent: kipunguzi,,kipunguzi,n,,both,,,,,,FreeDict,GPL-2.0-or-later (see package COPYING/README),https://freedict.org/downloads/,eng-swh.tei
BATCH_ENSW_FREEDICT_2026_02_24_A,362,en,distance,Swahili equivalent: mbali,,mbali,n,,both,,,,,,FreeDict,GPL-2.0-or-later (see package COPYING/README),https://freedict.org/downloads/,eng-swh.tei
BATCH_ENSW_FREEDICT_2026_02_24_A,363,en,divide,Swahili equivalent: gawa,,gawa,v,,both,,,,,,FreeDict,GPL-2.0-or-later (see package COPYING/README),https://freedict.org/downloads/,eng-swh.tei
BATCH_ENSW_FREEDICT_2026_02_24_A,364,en,division,Swahili equivalent: panda,,panda,n,,both,,,,,,FreeDict,GPL-2.0-or-later (see package COPYING/README),https://freedict.org/downloads/,eng-swh.tei
BATCH_ENSW_FREEDICT_2026_02_24_A,365,en,do for,Swahili equivalent: fanyia,,fanyia,v,,both,,,,,,FreeDict,GPL-2.0-or-later (see package COPYING/README),https://freedict.org/downloads/,eng-swh.tei
BATCH_ENSW_FREEDICT_2026_02_24_A,366,en,doctor,Swahili equivalent: daktari,,daktari,n,,both,,,,,,FreeDict,GPL-2.0-or-later (see package COPYING/README),https://freedict.org/downloads/,eng-swh.tei
BATCH_ENSW_FREEDICT_2026_02_24_A,367,en,document,Swahili equivalent: hati,,hati,n,,both,,,,,,FreeDict,GPL-2.0-or-later (see package COPYING/README),https://freedict.org/downloads/,eng-swh.tei
BATCH_ENSW_FREEDICT_2026_02_24_A,368,en,dog,Swahili equivalent: mbwa,,mbwa,n,,both,,,,,,FreeDict,GPL-2.0-or-later (see package COPYING/README),https://freedict.org/downloads/,eng-swh.tei
BATCH_ENSW_FREEDICT_2026_02_24_A,369,en,doll,Swahili equivalent: bandia,,bandia,n,,both,,,,,,FreeDict,GPL-2.0-or-later (see package COPYING/README),https://freedict.org/downloads/,eng-swh.tei
BATCH_ENSW_FREEDICT_2026_02_24_A,370,en,donkey,Swahili equivalent: punda,,punda,n,,both,,,,,,FreeDict,GPL-2.0-or-later (see package COPYING/README),https://freedict.org/downloads/,eng-swh.tei
BATCH_ENSW_FREEDICT_2026_02_24_A,371,en,door,Swahili equivalent: mlango,,mlango,n,,both,,,,,,FreeDict,GPL-2.0-or-later (see package COPYING/README),https://freedict.org/downloads/,eng-swh.tei
BATCH_ENSW_FREEDICT_2026_02_24_A,372,en,dormitory,Swahili equivalent: bweni,,bweni,n,,both,,,,,,FreeDict,GPL-2.0-or-later (see package COPYING/README),https://freedict.org/downloads/,eng-swh.tei
BATCH_ENSW_FREEDICT_2026_02_24_A,373,en,dream,Swahili equivalent: ndoto,,ndoto,n,,both,,,,,,FreeDict,GPL-2.0-or-later (see package COPYING/README),https://freedict.org/downloads/,eng-swh.tei
BATCH_ENSW_FREEDICT_2026_02_24_A,374,en,dress,Swahili equivalent: vaa,,vaa,v,,both,,,,,,FreeDict,GPL-2.0-or-later (see package COPYING/README),https://freedict.org/downloads/,eng-swh.tei
BATCH_ENSW_FREEDICT_2026_02_24_A,375,en,drink,Swahili equivalent: nywa,,nywa,v,,both,,,,,,FreeDict,GPL-2.0-or-later (see package COPYING/README),https://freedict.org/downloads/,eng-swh.tei
BATCH_ENSW_FREEDICT_2026_02_24_A,376,en,drinking glass,Swahili equivalent: bilauri,,bilauri,n,,both,,,,,,FreeDict,GPL-2.0-or-later (see package COPYING/README),https://freedict.org/downloads/,eng-swh.tei
BATCH_ENSW_FREEDICT_2026_02_24_A,377,en,drive,Swahili equivalent: ongoza,,ongoza,v,,both,,,,,,FreeDict,GPL-2.0-or-later (see package COPYING/README),https://freedict.org/downloads/,eng-swh.tei
BATCH_ENSW_FREEDICT_2026_02_24_A,378,en,drive away,Swahili equivalent: kimbiza,,kimbiza,v,,both,,,,,,FreeDict,GPL-2.0-or-later (see package COPYING/README),https://freedict.org/downloads/,eng-swh.tei
BATCH_ENSW_FREEDICT_2026_02_24_A,379,en,drive out,Swahili equivalent: fukuza,,fukuza,v,,both,,,,,,FreeDict,GPL-2.0-or-later (see package COPYING/README),https://freedict.org/downloads/,eng-swh.tei
BATCH_ENSW_FREEDICT_2026_02_24_A,380,en,drop,Swahili equivalent: tone,,tone,n,,both,,,,,,FreeDict,GPL-2.0-or-later (see package COPYING/README),https://freedict.org/downloads/,eng-swh.tei
BATCH_ENSW_FREEDICT_2026_02_24_A,381,en,drum,Swahili equivalent: ngoma,,ngoma,n,,both,,,,,,FreeDict,GPL-2.0-or-later (see package COPYING/README),https://freedict.org/downloads/,eng-swh.tei
BATCH_ENSW_FREEDICT_2026_02_24_A,382,en,dry,Swahili equivalent: kavu,,kavu,adj,,both,,,,,,FreeDict,GPL-2.0-or-later (see package COPYING/README),https://freedict.org/downloads/,eng-swh.tei
BATCH_ENSW_FREEDICT_2026_02_24_A,383,en,dry up,Swahili equivalent: kauka,,kauka,v,,both,,,,,,FreeDict,GPL-2.0-or-later (see package COPYING/README),https://freedict.org/downloads/,eng-swh.tei
BATCH_ENSW_FREEDICT_2026_02_24_A,384,en,dry with,Swahili equivalent: kaushia,,kaushia,v,,both,,,,,,FreeDict,GPL-2.0-or-later (see package COPYING/README),https://freedict.org/downloads/,eng-swh.tei
BATCH_ENSW_FREEDICT_2026_02_24_A,385,en,duck,Swahili equivalent: bata,,bata,n,,both,,,,,,FreeDict,GPL-2.0-or-later (see package COPYING/README),https://freedict.org/downloads/,eng-swh.tei
BATCH_ENSW_FREEDICT_2026_02_24_A,386,en,eagle,Swahili equivalent: tai,,tai,n,,both,,,,,,FreeDict,GPL-2.0-or-later (see package COPYING/README),https://freedict.org/downloads/,eng-swh.tei
BATCH_ENSW_FREEDICT_2026_02_24_A,387,en,ear,Swahili equivalent: sikio,,sikio,n,,both,,,,,,FreeDict,GPL-2.0-or-later (see package COPYING/README),https://freedict.org/downloads/,eng-swh.tei
BATCH_ENSW_FREEDICT_2026_02_24_A,388,en,early,Swahili equivalent: mapema,,mapema,adv,,both,,,,,,FreeDict,GPL-2.0-or-later (see package COPYING/README),https://freedict.org/downloads/,eng-swh.tei
BATCH_ENSW_FREEDICT_2026_02_24_A,389,en,east,Swahili equivalent: mashariki,,mashariki,n,,both,,,,,,FreeDict,GPL-2.0-or-later (see package COPYING/README),https://freedict.org/downloads/,eng-swh.tei
BATCH_ENSW_FREEDICT_2026_02_24_A,390,en,eat,Swahili equivalent: la,,la,v,,both,,,,,,FreeDict,GPL-2.0-or-later (see package COPYING/README),https://freedict.org/downloads/,eng-swh.tei
BATCH_ENSW_FREEDICT_2026_02_24_A,391,en,economics,Swahili equivalent: uchumi,,uchumi,n,,both,,,,,,FreeDict,GPL-2.0-or-later (see package COPYING/README),https://freedict.org/downloads/,eng-swh.tei
BATCH_ENSW_FREEDICT_2026_02_24_A,392,en,effort,Swahili equivalent: bidii,,bidii,n,,both,,,,,,FreeDict,GPL-2.0-or-later (see package COPYING/README),https://freedict.org/downloads/,eng-swh.tei
BATCH_ENSW_FREEDICT_2026_02_24_A,393,en,egg,Swahili equivalent: yai,,yai,n,,both,,,,,,FreeDict,GPL-2.0-or-later (see package COPYING/README),https://freedict.org/downloads/,eng-swh.tei
BATCH_ENSW_FREEDICT_2026_02_24_A,394,en,eight,Swahili equivalent: nane,,nane,num,,both,,,,,,FreeDict,GPL-2.0-or-later (see package COPYING/README),https://freedict.org/downloads/,eng-swh.tei
BATCH_ENSW_FREEDICT_2026_02_24_A,395,en,eighty,Swahili equivalent: themanini,,themanini,num,,both,,,,,,FreeDict,GPL-2.0-or-later (see package COPYING/README),https://freedict.org/downloads/,eng-swh.tei
BATCH_ENSW_FREEDICT_2026_02_24_A,396,en,elder,Swahili equivalent: mzee,,mzee,n,,both,,,,,,FreeDict,GPL-2.0-or-later (see package COPYING/README),https://freedict.org/downloads/,eng-swh.tei
BATCH_ENSW_FREEDICT_2026_02_24_A,397,en,elephant,Swahili equivalent: tembo,,tembo,n,,both,,,,,,FreeDict,GPL-2.0-or-later (see package COPYING/README),https://freedict.org/downloads/,eng-swh.tei
BATCH_ENSW_FREEDICT_2026_02_24_A,398,en,eleven,Swahili equivalent: edashara,,edashara,num,,both,,,,,,FreeDict,GPL-2.0-or-later (see package COPYING/README),https://freedict.org/downloads/,eng-swh.tei
BATCH_ENSW_FREEDICT_2026_02_24_A,399,en,embassy,Swahili equivalent: ubalozi,,ubalozi,n,,both,,,,,,FreeDict,GPL-2.0-or-later (see package COPYING/README),https://freedict.org/downloads/,eng-swh.tei
BATCH_ENSW_FREEDICT_2026_02_24_A,400,en,empty,Swahili equivalent: tupu,,tupu,adj,,both,,,,,,FreeDict,GPL-2.0-or-later (see package COPYING/README),https://freedict.org/downloads/,eng-swh.tei
BATCH_ENSW_FREEDICT_2026_02_24_A,401,en,enable,Swahili equivalent: wezesha,,wezesha,v,,both,,,,,,FreeDict,GPL-2.0-or-later (see package COPYING/README),https://freedict.org/downloads/,eng-swh.tei
BATCH_ENSW_FREEDICT_2026_02_24_A,402,en,enemy,Swahili equivalent: adui,,adui,n,,both,,,,,,FreeDict,GPL-2.0-or-later (see package COPYING/README),https://freedict.org/downloads/,eng-swh.tei
BATCH_ENSW_FREEDICT_2026_02_24_A,403,en,English language,Swahili equivalent: Kiingereza,,Kiingereza,n,,both,,,,,,FreeDict,GPL-2.0-or-later (see package COPYING/README),https://freedict.org/downloads/,eng-swh.tei
BATCH_ENSW_FREEDICT_2026_02_24_A,404,en,enlarge,Swahili equivalent: kuza,,kuza,v,,both,,,,,,FreeDict,GPL-2.0-or-later (see package COPYING/README),https://freedict.org/downloads/,eng-swh.tei
BATCH_ENSW_FREEDICT_2026_02_24_A,405,en,enter,Swahili equivalent: ingia,,ingia,v,,both,,,,,,FreeDict,GPL-2.0-or-later (see package COPYING/README),https://freedict.org/downloads/,eng-swh.tei
BATCH_ENSW_FREEDICT_2026_02_24_A,406,en,enter into,Swahili equivalent: ingilia,,ingilia,v,,both,,,,,,FreeDict,GPL-2.0-or-later (see package COPYING/README),https://freedict.org/downloads/,eng-swh.tei
BATCH_ENSW_FREEDICT_2026_02_24_A,407,en,entirely,Swahili equivalent: kabisa,,kabisa,adv,,both,,,,,,FreeDict,GPL-2.0-or-later (see package COPYING/README),https://freedict.org/downloads/,eng-swh.tei
BATCH_ENSW_FREEDICT_2026_02_24_A,408,en,entry,Swahili equivalent: kiingilio,,kiingilio,n,,both,,,,,,FreeDict,GPL-2.0-or-later (see package COPYING/README),https://freedict.org/downloads/,eng-swh.tei
BATCH_ENSW_FREEDICT_2026_02_24_A,409,en,envelope,Swahili equivalent: bahasha,,bahasha,n,,both,,,,,,FreeDict,GPL-2.0-or-later (see package COPYING/README),https://freedict.org/downloads/,eng-swh.tei
BATCH_ENSW_FREEDICT_2026_02_24_A,410,en,equal,Swahili equivalent: sawa,,sawa,adj,,both,,,,,,FreeDict,GPL-2.0-or-later (see package COPYING/README),https://freedict.org/downloads/,eng-swh.tei
BATCH_ENSW_FREEDICT_2026_02_24_A,411,en,especially,Swahili equivalent: hasa,,hasa,adv,,both,,,,,,FreeDict,GPL-2.0-or-later (see package COPYING/README),https://freedict.org/downloads/,eng-swh.tei
BATCH_ENSW_FREEDICT_2026_02_24_A,412,en,even if,Swahili equivalent: ijapo,,ijapo,conj,,both,,,,,,FreeDict,GPL-2.0-or-later (see package COPYING/README),https://freedict.org/downloads/,eng-swh.tei
BATCH_ENSW_FREEDICT_2026_02_24_A,413,en,evening,Swahili equivalent: jioni,,jioni,n,,both,,,,,,FreeDict,GPL-2.0-or-later (see package COPYING/README),https://freedict.org/downloads/,eng-swh.tei
BATCH_ENSW_FREEDICT_2026_02_24_A,414,en,every,Swahili equivalent: kila,,kila,adj,,both,,,,,,FreeDict,GPL-2.0-or-later (see package COPYING/README),https://freedict.org/downloads/,eng-swh.tei
BATCH_ENSW_FREEDICT_2026_02_24_A,415,en,exactly,Swahili equivalent: halisi,,halisi,adv,,both,,,,,,FreeDict,GPL-2.0-or-later (see package COPYING/README),https://freedict.org/downloads/,eng-swh.tei
BATCH_ENSW_FREEDICT_2026_02_24_A,416,en,excellent,Swahili equivalent: bora,,bora,adj,,both,,,,,,FreeDict,GPL-2.0-or-later (see package COPYING/README),https://freedict.org/downloads/,eng-swh.tei
BATCH_ENSW_FREEDICT_2026_02_24_A,417,en,except,Swahili equivalent: ila,,ila,conj,,both,,,,,,FreeDict,GPL-2.0-or-later (see package COPYING/README),https://freedict.org/downloads/,eng-swh.tei
BATCH_ENSW_FREEDICT_2026_02_24_A,418,en,expense,Swahili equivalent: gharama,,gharama,n,,both,,,,,,FreeDict,GPL-2.0-or-later (see package COPYING/README),https://freedict.org/downloads/,eng-swh.tei
BATCH_ENSW_FREEDICT_2026_02_24_A,419,en,expensive,Swahili equivalent: ghali,,ghali,adj,,both,,,,,,FreeDict,GPL-2.0-or-later (see package COPYING/README),https://freedict.org/downloads/,eng-swh.tei
BATCH_ENSW_FREEDICT_2026_02_24_A,420,en,explain,Swahili equivalent: eleza,,eleza,v,,both,,,,,,FreeDict,GPL-2.0-or-later (see package COPYING/README),https://freedict.org/downloads/,eng-swh.tei
BATCH_ENSW_FREEDICT_2026_02_24_A,421,en,explanation,Swahili equivalent: elezo,,elezo,n,,both,,,,,,FreeDict,GPL-2.0-or-later (see package COPYING/README),https://freedict.org/downloads/,eng-swh.tei
BATCH_ENSW_FREEDICT_2026_02_24_A,422,en,eye,Swahili equivalent: jicho,,jicho,n,,both,,,,,,FreeDict,GPL-2.0-or-later (see package COPYING/README),https://freedict.org/downloads/,eng-swh.tei
BATCH_ENSW_FREEDICT_2026_02_24_A,423,en,eyeglasses,Swahili equivalent: miwani,,miwani,n,,both,,,,,,FreeDict,GPL-2.0-or-later (see package COPYING/README),https://freedict.org/downloads/,eng-swh.tei
BATCH_ENSW_FREEDICT_2026_02_24_A,424,en,face,Swahili equivalent: uso,,uso,n,,both,,,,,,FreeDict,GPL-2.0-or-later (see package COPYING/README),https://freedict.org/downloads/,eng-swh.tei
BATCH_ENSW_FREEDICT_2026_02_24_A,425,en,face,Swahili equivalent: elekea,,elekea,v,,both,,,,,,FreeDict,GPL-2.0-or-later (see package COPYING/README),https://freedict.org/downloads/,eng-swh.tei
BATCH_ENSW_FREEDICT_2026_02_24_A,426,en,fade,Swahili equivalent: kwajuka,,kwajuka,v,,both,,,,,,FreeDict,GPL-2.0-or-later (see package COPYING/README),https://freedict.org/downloads/,eng-swh.tei
BATCH_ENSW_FREEDICT_2026_02_24_A,427,en,fail,Swahili equivalent: kosekana,,kosekana,v,,both,,,,,,FreeDict,GPL-2.0-or-later (see package COPYING/README),https://freedict.org/downloads/,eng-swh.tei
BATCH_ENSW_FREEDICT_2026_02_24_A,428,en,faint,Swahili equivalent: zimia,,zimia,v,,both,,,,,,FreeDict,GPL-2.0-or-later (see package COPYING/README),https://freedict.org/downloads/,eng-swh.tei
BATCH_ENSW_FREEDICT_2026_02_24_A,429,en,faith,Swahili equivalent: imani,,imani,n,,both,,,,,,FreeDict,GPL-2.0-or-later (see package COPYING/README),https://freedict.org/downloads/,eng-swh.tei
BATCH_ENSW_FREEDICT_2026_02_24_A,430,en,fall,Swahili equivalent: anguka,,anguka,v,,both,,,,,,FreeDict,GPL-2.0-or-later (see package COPYING/README),https://freedict.org/downloads/,eng-swh.tei
BATCH_ENSW_FREEDICT_2026_02_24_A,431,en,family,Swahili equivalent: jamaa,,jamaa,n,,both,,,,,,FreeDict,GPL-2.0-or-later (see package COPYING/README),https://freedict.org/downloads/,eng-swh.tei
BATCH_ENSW_FREEDICT_2026_02_24_A,432,en,far,Swahili equivalent: mbali,,mbali,adv,,both,,,,,,FreeDict,GPL-2.0-or-later (see package COPYING/README),https://freedict.org/downloads/,eng-swh.tei
BATCH_ENSW_FREEDICT_2026_02_24_A,433,en,fare,Swahili equivalent: nauli,,nauli,n,,both,,,,,,FreeDict,GPL-2.0-or-later (see package COPYING/README),https://freedict.org/downloads/,eng-swh.tei
BATCH_ENSW_FREEDICT_2026_02_24_A,434,en,farmer,Swahili equivalent: mlimaji,,mlimaji,n,,both,,,,,,FreeDict,GPL-2.0-or-later (see package COPYING/README),https://freedict.org/downloads/,eng-swh.tei
BATCH_ENSW_FREEDICT_2026_02_24_A,435,en,farther,Swahili equivalent: ng'ambo,,ng'ambo,n,,both,,,,,,FreeDict,GPL-2.0-or-later (see package COPYING/README),https://freedict.org/downloads/,eng-swh.tei
BATCH_ENSW_FREEDICT_2026_02_24_A,436,en,fasten,Swahili equivalent: funga,,funga,v,,both,,,,,,FreeDict,GPL-2.0-or-later (see package COPYING/README),https://freedict.org/downloads/,eng-swh.tei
BATCH_ENSW_FREEDICT_2026_02_24_A,437,en,fasten with,Swahili equivalent: fungia,,fungia,v,,both,,,,,,FreeDict,GPL-2.0-or-later (see package COPYING/README),https://freedict.org/downloads/,eng-swh.tei
BATCH_ENSW_FREEDICT_2026_02_24_A,438,en,fastening,Swahili equivalent: kifungo,,kifungo,n,,both,,,,,,FreeDict,GPL-2.0-or-later (see package COPYING/README),https://freedict.org/downloads/,eng-swh.tei
BATCH_ENSW_FREEDICT_2026_02_24_A,439,en,fat,Swahili equivalent: nene,,nene,adj,,both,,,,,,FreeDict,GPL-2.0-or-later (see package COPYING/README),https://freedict.org/downloads/,eng-swh.tei
BATCH_ENSW_FREEDICT_2026_02_24_A,440,en,fat,Swahili equivalent: nono,,nono,adj,,both,,,,,,FreeDict,GPL-2.0-or-later (see package COPYING/README),https://freedict.org/downloads/,eng-swh.tei
BATCH_ENSW_FREEDICT_2026_02_24_A,441,en,father,Swahili equivalent: baba,,baba,n,,both,,,,,,FreeDict,GPL-2.0-or-later (see package COPYING/README),https://freedict.org/downloads/,eng-swh.tei
BATCH_ENSW_FREEDICT_2026_02_24_A,442,en,fault,Swahili equivalent: kosa,,kosa,n,,both,,,,,,FreeDict,GPL-2.0-or-later (see package COPYING/README),https://freedict.org/downloads/,eng-swh.tei
BATCH_ENSW_FREEDICT_2026_02_24_A,443,en,favor,Swahili equivalent: pendelea,,pendelea,v,,both,,,,,,FreeDict,GPL-2.0-or-later (see package COPYING/README),https://freedict.org/downloads/,eng-swh.tei
BATCH_ENSW_FREEDICT_2026_02_24_A,444,en,fear,Swahili equivalent: hofu,,hofu,n,,both,,,,,,FreeDict,GPL-2.0-or-later (see package COPYING/README),https://freedict.org/downloads/,eng-swh.tei
BATCH_ENSW_FREEDICT_2026_02_24_A,445,en,fear,Swahili equivalent: ogopa,,ogopa,v,,both,,,,,,FreeDict,GPL-2.0-or-later (see package COPYING/README),https://freedict.org/downloads/,eng-swh.tei
BATCH_ENSW_FREEDICT_2026_02_24_A,446,en,February,Swahili equivalent: Februari,,Februari,n,,both,,,,,,FreeDict,GPL-2.0-or-later (see package COPYING/README),https://freedict.org/downloads/,eng-swh.tei
BATCH_ENSW_FREEDICT_2026_02_24_A,447,en,feed,Swahili equivalent: lisha,,lisha,v,,both,,,,,,FreeDict,GPL-2.0-or-later (see package COPYING/README),https://freedict.org/downloads/,eng-swh.tei
BATCH_ENSW_FREEDICT_2026_02_24_A,448,en,female,Swahili equivalent: kike,,kike,n,,both,,,,,,FreeDict,GPL-2.0-or-later (see package COPYING/README),https://freedict.org/downloads/,eng-swh.tei
BATCH_ENSW_FREEDICT_2026_02_24_A,449,en,ferry,Swahili equivalent: likoni,,likoni,n,,both,,,,,,FreeDict,GPL-2.0-or-later (see package COPYING/README),https://freedict.org/downloads/,eng-swh.tei
BATCH_ENSW_FREEDICT_2026_02_24_A,450,en,fever,Swahili equivalent: homa,,homa,n,,both,,,,,,FreeDict,GPL-2.0-or-later (see package COPYING/README),https://freedict.org/downloads/,eng-swh.tei
BATCH_ENSW_FREEDICT_2026_02_24_A,451,en,few,Swahili equivalent: chache,,chache,adj,,both,,,,,,FreeDict,GPL-2.0-or-later (see package COPYING/README),https://freedict.org/downloads/,eng-swh.tei
BATCH_ENSW_FREEDICT_2026_02_24_A,452,en,few,Swahili equivalent: haba,,haba,adj,,both,,,,,,FreeDict,GPL-2.0-or-later (see package COPYING/README),https://freedict.org/downloads/,eng-swh.tei
BATCH_ENSW_FREEDICT_2026_02_24_A,453,en,fiance,Swahili equivalent: mchumba,,mchumba,n,,both,,,,,,FreeDict,GPL-2.0-or-later (see package COPYING/README),https://freedict.org/downloads/,eng-swh.tei
BATCH_ENSW_FREEDICT_2026_02_24_A,454,en,fiancee,Swahili equivalent: mchumba,,mchumba,n,,both,,,,,,FreeDict,GPL-2.0-or-later (see package COPYING/README),https://freedict.org/downloads/,eng-swh.tei
BATCH_ENSW_FREEDICT_2026_02_24_A,455,en,fifty,Swahili equivalent: hamsini,,hamsini,num,,both,,,,,,FreeDict,GPL-2.0-or-later (see package COPYING/README),https://freedict.org/downloads/,eng-swh.tei
BATCH_ENSW_FREEDICT_2026_02_24_A,456,en,fifty,Swahili equivalent: khamsini,,khamsini,num,,both,,,,,,FreeDict,GPL-2.0-or-later (see package COPYING/README),https://freedict.org/downloads/,eng-swh.tei
BATCH_ENSW_FREEDICT_2026_02_24_A,457,en,fig,Swahili equivalent: tini,,tini,n,,both,,,,,,FreeDict,GPL-2.0-or-later (see package COPYING/README),https://freedict.org/downloads/,eng-swh.tei
BATCH_ENSW_FREEDICT_2026_02_24_A,458,en,fig tree,Swahili equivalent: mtini,,mtini,n,,both,,,,,,FreeDict,GPL-2.0-or-later (see package COPYING/README),https://freedict.org/downloads/,eng-swh.tei
BATCH_ENSW_FREEDICT_2026_02_24_A,459,en,fight,Swahili equivalent: pigana,,pigana,v,,both,,,,,,FreeDict,GPL-2.0-or-later (see package COPYING/README),https://freedict.org/downloads/,eng-swh.tei
BATCH_ENSW_FREEDICT_2026_02_24_A,460,en,file,Swahili equivalent: tupa,,tupa,n,,both,,,,,,FreeDict,GPL-2.0-or-later (see package COPYING/README),https://freedict.org/downloads/,eng-swh.tei
BATCH_ENSW_FREEDICT_2026_02_24_A,461,en,fill,Swahili equivalent: jaza,,jaza,v,,both,,,,,,FreeDict,GPL-2.0-or-later (see package COPYING/README),https://freedict.org/downloads/,eng-swh.tei
BATCH_ENSW_FREEDICT_2026_02_24_A,462,en,fill up,Swahili equivalent: jaa,,jaa,v,,both,,,,,,FreeDict,GPL-2.0-or-later (see package COPYING/README),https://freedict.org/downloads/,eng-swh.tei
BATCH_ENSW_FREEDICT_2026_02_24_A,463,en,finally,Swahili equivalent: hatimaye,,hatimaye,adv,,both,,,,,,FreeDict,GPL-2.0-or-later (see package COPYING/README),https://freedict.org/downloads/,eng-swh.tei
BATCH_ENSW_FREEDICT_2026_02_24_A,464,en,finger,Swahili equivalent: kidole,,kidole,n,,both,,,,,,FreeDict,GPL-2.0-or-later (see package COPYING/README),https://freedict.org/downloads/,eng-swh.tei
BATCH_ENSW_FREEDICT_2026_02_24_A,465,en,fingernail,Swahili equivalent: ukucha,,ukucha,n,,both,,,,,,FreeDict,GPL-2.0-or-later (see package COPYING/README),https://freedict.org/downloads/,eng-swh.tei
BATCH_ENSW_FREEDICT_2026_02_24_A,466,en,finish,Swahili equivalent: isha,,isha,v,,both,,,,,,FreeDict,GPL-2.0-or-later (see package COPYING/README),https://freedict.org/downloads/,eng-swh.tei
BATCH_ENSW_FREEDICT_2026_02_24_A,467,en,finish,Swahili equivalent: maliza,,maliza,v,,both,,,,,,FreeDict,GPL-2.0-or-later (see package COPYING/README),https://freedict.org/downloads/,eng-swh.tei
BATCH_ENSW_FREEDICT_2026_02_24_A,468,en,fire,Swahili equivalent: moto,,moto,n,,both,,,,,,FreeDict,GPL-2.0-or-later (see package COPYING/README),https://freedict.org/downloads/,eng-swh.tei
BATCH_ENSW_FREEDICT_2026_02_24_A,469,en,fireplace,Swahili equivalent: jiko,,jiko,n,,both,,,,,,FreeDict,GPL-2.0-or-later (see package COPYING/README),https://freedict.org/downloads/,eng-swh.tei
BATCH_ENSW_FREEDICT_2026_02_24_A,470,en,first,Swahili equivalent: kwanza,,kwanza,adj,,both,,,,,,FreeDict,GPL-2.0-or-later (see package COPYING/README),https://freedict.org/downloads/,eng-swh.tei
BATCH_ENSW_FREEDICT_2026_02_24_A,471,en,fish,Swahili equivalent: samaki,,samaki,n,,both,,,,,,FreeDict,GPL-2.0-or-later (see package COPYING/README),https://freedict.org/downloads/,eng-swh.tei
BATCH_ENSW_FREEDICT_2026_02_24_A,472,en,five,Swahili equivalent: tano,,tano,num,,both,,,,,,FreeDict,GPL-2.0-or-later (see package COPYING/README),https://freedict.org/downloads/,eng-swh.tei
BATCH_ENSW_FREEDICT_2026_02_24_A,473,en,flour,Swahili equivalent: unga,,unga,n,,both,,,,,,FreeDict,GPL-2.0-or-later (see package COPYING/README),https://freedict.org/downloads/,eng-swh.tei
BATCH_ENSW_FREEDICT_2026_02_24_A,474,en,flower,Swahili equivalent: ua,,ua,n,,both,,,,,,FreeDict,GPL-2.0-or-later (see package COPYING/README),https://freedict.org/downloads/,eng-swh.tei
BATCH_ENSW_FREEDICT_2026_02_24_A,475,en,fly,Swahili equivalent: inzi,,inzi,n,,both,,,,,,FreeDict,GPL-2.0-or-later (see package COPYING/README),https://freedict.org/downloads/,eng-swh.tei
BATCH_ENSW_FREEDICT_2026_02_24_A,476,en,fold,Swahili equivalent: kunja,,kunja,v,,both,,,,,,FreeDict,GPL-2.0-or-later (see package COPYING/README),https://freedict.org/downloads/,eng-swh.tei
BATCH_ENSW_FREEDICT_2026_02_24_A,477,en,follow,Swahili equivalent: fuata,,fuata,v,,both,,,,,,FreeDict,GPL-2.0-or-later (see package COPYING/README),https://freedict.org/downloads/,eng-swh.tei
BATCH_ENSW_FREEDICT_2026_02_24_A,478,en,folly,Swahili equivalent: ujinga,,ujinga,n,,both,,,,,,FreeDict,GPL-2.0-or-later (see package COPYING/README),https://freedict.org/downloads/,eng-swh.tei
BATCH_ENSW_FREEDICT_2026_02_24_A,479,en,food,Swahili equivalent: chakula,,chakula,n,,both,,,,,,FreeDict,GPL-2.0-or-later (see package COPYING/README),https://freedict.org/downloads/,eng-swh.tei
BATCH_ENSW_FREEDICT_2026_02_24_A,480,en,fool,Swahili equivalent: mjinga,,mjinga,n,,both,,,,,,FreeDict,GPL-2.0-or-later (see package COPYING/README),https://freedict.org/downloads/,eng-swh.tei
BATCH_ENSW_FREEDICT_2026_02_24_A,481,en,for,Swahili equivalent: kwa,,kwa,prep,,both,,,,,,FreeDict,GPL-2.0-or-later (see package COPYING/README),https://freedict.org/downloads/,eng-swh.tei
BATCH_ENSW_FREEDICT_2026_02_24_A,482,en,forbid,Swahili equivalent: kataza,,kataza,v,,both,,,,,,FreeDict,GPL-2.0-or-later (see package COPYING/README),https://freedict.org/downloads/,eng-swh.tei
BATCH_ENSW_FREEDICT_2026_02_24_A,483,en,foreign,Swahili equivalent: geni,,geni,adj,,both,,,,,,FreeDict,GPL-2.0-or-later (see package COPYING/README),https://freedict.org/downloads/,eng-swh.tei
BATCH_ENSW_FREEDICT_2026_02_24_A,484,en,forest,Swahili equivalent: msitu,,msitu,n,,both,,,,,,FreeDict,GPL-2.0-or-later (see package COPYING/README),https://freedict.org/downloads/,eng-swh.tei
BATCH_ENSW_FREEDICT_2026_02_24_A,485,en,forget,Swahili equivalent: sahau,,sahau,v,,both,,,,,,FreeDict,GPL-2.0-or-later (see package COPYING/README),https://freedict.org/downloads/,eng-swh.tei
BATCH_ENSW_FREEDICT_2026_02_24_A,486,en,forgive,Swahili equivalent: achilia,,achilia,v,,both,,,,,,FreeDict,GPL-2.0-or-later (see package COPYING/README),https://freedict.org/downloads/,eng-swh.tei
BATCH_ENSW_FREEDICT_2026_02_24_A,487,en,forgive,Swahili equivalent: samehe,,samehe,v,,both,,,,,,FreeDict,GPL-2.0-or-later (see package COPYING/README),https://freedict.org/downloads/,eng-swh.tei
BATCH_ENSW_FREEDICT_2026_02_24_A,488,en,fork,Swahili equivalent: uma,,uma,n,,both,,,,,,FreeDict,GPL-2.0-or-later (see package COPYING/README),https://freedict.org/downloads/,eng-swh.tei
BATCH_ENSW_FREEDICT_2026_02_24_A,489,en,forty,Swahili equivalent: arobaini,,arobaini,num,,both,,,,,,FreeDict,GPL-2.0-or-later (see package COPYING/README),https://freedict.org/downloads/,eng-swh.tei
BATCH_ENSW_FREEDICT_2026_02_24_A,490,en,four,Swahili equivalent: nne,,nne,adj,,both,,,,,,FreeDict,GPL-2.0-or-later (see package COPYING/README),https://freedict.org/downloads/,eng-swh.tei
BATCH_ENSW_FREEDICT_2026_02_24_A,491,en,four,Swahili equivalent: nne,,nne,num,,both,,,,,,FreeDict,GPL-2.0-or-later (see package COPYING/README),https://freedict.org/downloads/,eng-swh.tei
BATCH_ENSW_FREEDICT_2026_02_24_A,492,en,fowl,Swahili equivalent: kuku,,kuku,n,,both,,,,,,FreeDict,GPL-2.0-or-later (see package COPYING/README),https://freedict.org/downloads/,eng-swh.tei
BATCH_ENSW_FREEDICT_2026_02_24_A,493,en,freedom,Swahili equivalent: uhuru,,uhuru,n,,both,,,,,,FreeDict,GPL-2.0-or-later (see package COPYING/README),https://freedict.org/downloads/,eng-swh.tei
BATCH_ENSW_FREEDICT_2026_02_24_A,494,en,French language,Swahili equivalent: Kifaransa,,Kifaransa,n,,both,,,,,,FreeDict,GPL-2.0-or-later (see package COPYING/README),https://freedict.org/downloads/,eng-swh.tei
BATCH_ENSW_FREEDICT_2026_02_24_A,495,en,Friday,Swahili equivalent: Ijumaa,,Ijumaa,n,,both,,,,,,FreeDict,GPL-2.0-or-later (see package COPYING/README),https://freedict.org/downloads/,eng-swh.tei
BATCH_ENSW_FREEDICT_2026_02_24_A,496,en,friend,Swahili equivalent: rafiki,,rafiki,n,,both,,,,,,FreeDict,GPL-2.0-or-later (see package COPYING/README),https://freedict.org/downloads/,eng-swh.tei
BATCH_ENSW_FREEDICT_2026_02_24_A,497,en,frog,Swahili equivalent: chura,,chura,n,,both,,,,,,FreeDict,GPL-2.0-or-later (see package COPYING/README),https://freedict.org/downloads/,eng-swh.tei
BATCH_ENSW_FREEDICT_2026_02_24_A,498,en,fruit,Swahili equivalent: tunda,,tunda,n,,both,,,,,,FreeDict,GPL-2.0-or-later (see package COPYING/README),https://freedict.org/downloads/,eng-swh.tei
BATCH_ENSW_FREEDICT_2026_02_24_A,499,en,fry,Swahili equivalent: kaanga,,kaanga,v,,both,,,,,,FreeDict,GPL-2.0-or-later (see package COPYING/README),https://freedict.org/downloads/,eng-swh.tei
BATCH_ENSW_FREEDICT_2026_02_24_A,500,en,gain,Swahili equivalent: nafuu,,nafuu,n,,both,,,,,,FreeDict,GPL-2.0-or-later (see package COPYING/README),https://freedict.org/downloads/,eng-swh.tei
BATCH_ENSW_FREEDICT_2026_02_24_A,501,en,game,Swahili equivalent: mchezo,,mchezo,n,,both,,,,,,FreeDict,GPL-2.0-or-later (see package COPYING/README),https://freedict.org/downloads/,eng-swh.tei
BATCH_ENSW_FREEDICT_2026_02_24_A,502,en,garden,Swahili equivalent: bustani,,bustani,n,,both,,,,,,FreeDict,GPL-2.0-or-later (see package COPYING/README),https://freedict.org/downloads/,eng-swh.tei
BATCH_ENSW_FREEDICT_2026_02_24_A,503,en,gas,Swahili equivalent: hewa,,hewa,n,,both,,,,,,FreeDict,GPL-2.0-or-later (see package COPYING/README),https://freedict.org/downloads/,eng-swh.tei
BATCH_ENSW_FREEDICT_2026_02_24_A,504,en,gasoline,Swahili equivalent: petroli,,petroli,n,,both,,,,,,FreeDict,GPL-2.0-or-later (see package COPYING/README),https://freedict.org/downloads/,eng-swh.tei
BATCH_ENSW_FREEDICT_2026_02_24_A,505,en,gather,Swahili equivalent: chuma,,chuma,v,,both,,,,,,FreeDict,GPL-2.0-or-later (see package COPYING/README),https://freedict.org/downloads/,eng-swh.tei
BATCH_ENSW_FREEDICT_2026_02_24_A,506,en,gauze,Swahili equivalent: shashi,,shashi,n,,both,,,,,,FreeDict,GPL-2.0-or-later (see package COPYING/README),https://freedict.org/downloads/,eng-swh.tei
BATCH_ENSW_FREEDICT_2026_02_24_A,507,en,gem,Swahili equivalent: kito,,kito,n,,both,,,,,,FreeDict,GPL-2.0-or-later (see package COPYING/README),https://freedict.org/downloads/,eng-swh.tei
BATCH_ENSW_FREEDICT_2026_02_24_A,508,en,gentle,Swahili equivalent: pole,,pole,adj,,both,,,,,,FreeDict,GPL-2.0-or-later (see package COPYING/README),https://freedict.org/downloads/,eng-swh.tei
BATCH_ENSW_FREEDICT_2026_02_24_A,509,en,gentleman,Swahili equivalent: bwana,,bwana,n,,both,,,,,,FreeDict,GPL-2.0-or-later (see package COPYING/README),https://freedict.org/downloads/,eng-swh.tei
BATCH_ENSW_FREEDICT_2026_02_24_A,510,en,gentleness,Swahili equivalent: upole,,upole,n,,both,,,,,,FreeDict,GPL-2.0-or-later (see package COPYING/README),https://freedict.org/downloads/,eng-swh.tei
BATCH_ENSW_FREEDICT_2026_02_24_A,511,en,get,Swahili equivalent: pata,,pata,v,,both,,,,,,FreeDict,GPL-2.0-or-later (see package COPYING/README),https://freedict.org/downloads/,eng-swh.tei
BATCH_ENSW_FREEDICT_2026_02_24_A,512,en,get drunk,Swahili equivalent: lewa,,lewa,v,,both,,,,,,FreeDict,GPL-2.0-or-later (see package COPYING/README),https://freedict.org/downloads/,eng-swh.tei
BATCH_ENSW_FREEDICT_2026_02_24_A,513,en,get for,Swahili equivalent: patia,,patia,v,,both,,,,,,FreeDict,GPL-2.0-or-later (see package COPYING/README),https://freedict.org/downloads/,eng-swh.tei
BATCH_ENSW_FREEDICT_2026_02_24_A,514,en,get lost,Swahili equivalent: potea,,potea,v,,both,,,,,,FreeDict,GPL-2.0-or-later (see package COPYING/README),https://freedict.org/downloads/,eng-swh.tei
BATCH_ENSW_FREEDICT_2026_02_24_A,515,en,get tired,Swahili equivalent: choka,,choka,v,,both,,,,,,FreeDict,GPL-2.0-or-later (see package COPYING/README),https://freedict.org/downloads/,eng-swh.tei
BATCH_ENSW_FREEDICT_2026_02_24_A,516,en,get well,Swahili equivalent: pona,,pona,v,,both,,,,,,FreeDict,GPL-2.0-or-later (see package COPYING/README),https://freedict.org/downloads/,eng-swh.tei
BATCH_ENSW_FREEDICT_2026_02_24_A,517,en,giant,Swahili equivalent: jitu,,jitu,n,,both,,,,,,FreeDict,GPL-2.0-or-later (see package COPYING/README),https://freedict.org/downloads/,eng-swh.tei
BATCH_ENSW_FREEDICT_2026_02_24_A,518,en,giraffe,Swahili equivalent: twiga,,twiga,n,,both,,,,,,FreeDict,GPL-2.0-or-later (see package COPYING/README),https://freedict.org/downloads/,eng-swh.tei
BATCH_ENSW_FREEDICT_2026_02_24_A,519,en,girl,Swahili equivalent: msichana,,msichana,n,,both,,,,,,FreeDict,GPL-2.0-or-later (see package COPYING/README),https://freedict.org/downloads/,eng-swh.tei
BATCH_ENSW_FREEDICT_2026_02_24_A,520,en,give,Swahili equivalent: pa,,pa,v,,both,,,,,,FreeDict,GPL-2.0-or-later (see package COPYING/README),https://freedict.org/downloads/,eng-swh.tei
BATCH_ENSW_FREEDICT_2026_02_24_A,521,en,give a share,Swahili equivalent: husu,,husu,v,,both,,,,,,FreeDict,GPL-2.0-or-later (see package COPYING/README),https://freedict.org/downloads/,eng-swh.tei
BATCH_ENSW_FREEDICT_2026_02_24_A,522,en,give for,Swahili equivalent: pia,,pia,v,,both,,,,,,FreeDict,GPL-2.0-or-later (see package COPYING/README),https://freedict.org/downloads/,eng-swh.tei
BATCH_ENSW_FREEDICT_2026_02_24_A,523,en,glass,Swahili equivalent: kioo,,kioo,n,,both,,,,,,FreeDict,GPL-2.0-or-later (see package COPYING/README),https://freedict.org/downloads/,eng-swh.tei
BATCH_ENSW_FREEDICT_2026_02_24_A,524,en,go,Swahili equivalent: enda,,enda,v,,both,,,,,,FreeDict,GPL-2.0-or-later (see package COPYING/README),https://freedict.org/downloads/,eng-swh.tei
BATCH_ENSW_FREEDICT_2026_02_24_A,525,en,go,Swahili equivalent: nenda!,,nenda!,irrv,,both,,,,,,FreeDict,GPL-2.0-or-later (see package COPYING/README),https://freedict.org/downloads/,eng-swh.tei
BATCH_ENSW_FREEDICT_2026_02_24_A,526,en,go away,Swahili equivalent: ondoka,,ondoka,v,,both,,,,,,FreeDict,GPL-2.0-or-later (see package COPYING/README),https://freedict.org/downloads/,eng-swh.tei
BATCH_ENSW_FREEDICT_2026_02_24_A,527,en,go out,Swahili equivalent: toka,,toka,v,,both,,,,,,FreeDict,GPL-2.0-or-later (see package COPYING/README),https://freedict.org/downloads/,eng-swh.tei
BATCH_ENSW_FREEDICT_2026_02_24_A,528,en,go round,Swahili equivalent: zunguka,,zunguka,v,,both,,,,,,FreeDict,GPL-2.0-or-later (see package COPYING/README),https://freedict.org/downloads/,eng-swh.tei
BATCH_ENSW_FREEDICT_2026_02_24_A,529,en,go to,Swahili equivalent: endea,,endea,v,,both,,,,,,FreeDict,GPL-2.0-or-later (see package COPYING/README),https://freedict.org/downloads/,eng-swh.tei
BATCH_ENSW_FREEDICT_2026_02_24_A,530,en,goat,Swahili equivalent: mbuzi,,mbuzi,n,,both,,,,,,FreeDict,GPL-2.0-or-later (see package COPYING/README),https://freedict.org/downloads/,eng-swh.tei
BATCH_ENSW_FREEDICT_2026_02_24_A,531,en,God,Swahili equivalent: Mungu,,Mungu,n,,both,,,,,,FreeDict,GPL-2.0-or-later (see package COPYING/README),https://freedict.org/downloads/,eng-swh.tei
BATCH_ENSW_FREEDICT_2026_02_24_A,532,en,gold,Swahili equivalent: dhahabu,,dhahabu,n,,both,,,,,,FreeDict,GPL-2.0-or-later (see package COPYING/README),https://freedict.org/downloads/,eng-swh.tei
BATCH_ENSW_FREEDICT_2026_02_24_A,533,en,good,Swahili equivalent: ema,,ema,adj,,both,,,,,,FreeDict,GPL-2.0-or-later (see package COPYING/README),https://freedict.org/downloads/,eng-swh.tei
BATCH_ENSW_FREEDICT_2026_02_24_A,534,en,good,Swahili equivalent: zuri,,zuri,adj,,both,,,,,,FreeDict,GPL-2.0-or-later (see package COPYING/README),https://freedict.org/downloads/,eng-swh.tei
BATCH_ENSW_FREEDICT_2026_02_24_A,535,en,good fortune,Swahili equivalent: heri,,heri,n,,both,,,,,,FreeDict,GPL-2.0-or-later (see package COPYING/README),https://freedict.org/downloads/,eng-swh.tei
BATCH_ENSW_FREEDICT_2026_02_24_A,536,en,gown,Swahili equivalent: kanzu,,kanzu,n,,both,,,,,,FreeDict,GPL-2.0-or-later (see package COPYING/README),https://freedict.org/downloads/,eng-swh.tei
BATCH_ENSW_FREEDICT_2026_02_24_A,537,en,grape,Swahili equivalent: zabibu,,zabibu,n,,both,,,,,,FreeDict,GPL-2.0-or-later (see package COPYING/README),https://freedict.org/downloads/,eng-swh.tei
BATCH_ENSW_FREEDICT_2026_02_24_A,538,en,grape vine,Swahili equivalent: mzabibu,,mzabibu,n,,both,,,,,,FreeDict,GPL-2.0-or-later (see package COPYING/README),https://freedict.org/downloads/,eng-swh.tei
BATCH_ENSW_FREEDICT_2026_02_24_A,539,en,grapefruit,Swahili equivalent: balungi,,balungi,n,,both,,,,,,FreeDict,GPL-2.0-or-later (see package COPYING/README),https://freedict.org/downloads/,eng-swh.tei
BATCH_ENSW_FREEDICT_2026_02_24_A,540,en,great,Swahili equivalent: kuu,,kuu,adj,,both,,,,,,FreeDict,GPL-2.0-or-later (see package COPYING/README),https://freedict.org/downloads/,eng-swh.tei
BATCH_ENSW_FREEDICT_2026_02_24_A,541,en,greater rains,Swahili equivalent: masika,,masika,n,,both,,,,,,FreeDict,GPL-2.0-or-later (see package COPYING/README),https://freedict.org/downloads/,eng-swh.tei
BATCH_ENSW_FREEDICT_2026_02_24_A,542,en,greet,Swahili equivalent: amkia,,amkia,v,,both,,,,,,FreeDict,GPL-2.0-or-later (see package COPYING/README),https://freedict.org/downloads/,eng-swh.tei
BATCH_ENSW_FREEDICT_2026_02_24_A,543,en,greet,Swahili equivalent: salimu,,salimu,v,,both,,,,,,FreeDict,GPL-2.0-or-later (see package COPYING/README),https://freedict.org/downloads/,eng-swh.tei
BATCH_ENSW_FREEDICT_2026_02_24_A,544,en,greetings,Swahili equivalent: salamu,,salamu,n,,both,,,,,,FreeDict,GPL-2.0-or-later (see package COPYING/README),https://freedict.org/downloads/,eng-swh.tei
BATCH_ENSW_FREEDICT_2026_02_24_A,545,en,grind,Swahili equivalent: saga,,saga,v,,both,,,,,,FreeDict,GPL-2.0-or-later (see package COPYING/README),https://freedict.org/downloads/,eng-swh.tei
BATCH_ENSW_FREEDICT_2026_02_24_A,546,en,grow,Swahili equivalent: ota,,ota,v,,both,,,,,,FreeDict,GPL-2.0-or-later (see package COPYING/README),https://freedict.org/downloads/,eng-swh.tei
BATCH_ENSW_FREEDICT_2026_02_24_A,547,en,grow up,Swahili equivalent: kua,,kua,v,,both,,,,,,FreeDict,GPL-2.0-or-later (see package COPYING/README),https://freedict.org/downloads/,eng-swh.tei
BATCH_ENSW_FREEDICT_2026_02_24_A,548,en,guarantee,Swahili equivalent: kithibitisho,,kithibitisho,n,,both,,,,,,FreeDict,GPL-2.0-or-later (see package COPYING/README),https://freedict.org/downloads/,eng-swh.tei
BATCH_ENSW_FREEDICT_2026_02_24_A,549,en,guard,Swahili equivalent: mlinzi,,mlinzi,n,,both,,,,,,FreeDict,GPL-2.0-or-later (see package COPYING/README),https://freedict.org/downloads/,eng-swh.tei
BATCH_ENSW_FREEDICT_2026_02_24_A,550,en,guard,Swahili equivalent: linda,,linda,v,,both,,,,,,FreeDict,GPL-2.0-or-later (see package COPYING/README),https://freedict.org/downloads/,eng-swh.tei
BATCH_ENSW_FREEDICT_2026_02_24_A,551,en,guava,Swahili equivalent: pera,,pera,n,,both,,,,,,FreeDict,GPL-2.0-or-later (see package COPYING/README),https://freedict.org/downloads/,eng-swh.tei
BATCH_ENSW_FREEDICT_2026_02_24_A,552,en,guide,Swahili equivalent: kiongozi,,kiongozi,n,,both,,,,,,FreeDict,GPL-2.0-or-later (see package COPYING/README),https://freedict.org/downloads/,eng-swh.tei
BATCH_ENSW_FREEDICT_2026_02_24_A,553,en,gum,Swahili equivalent: gundi,,gundi,n,,both,,,,,,FreeDict,GPL-2.0-or-later (see package COPYING/README),https://freedict.org/downloads/,eng-swh.tei
BATCH_ENSW_FREEDICT_2026_02_24_A,554,en,gums,Swahili equivalent: ufizi,,ufizi,n,,both,,,,,,FreeDict,GPL-2.0-or-later (see package COPYING/README),https://freedict.org/downloads/,eng-swh.tei
BATCH_ENSW_FREEDICT_2026_02_24_A,555,en,hair,Swahili equivalent: nywele,,nywele,n,,both,,,,,,FreeDict,GPL-2.0-or-later (see package COPYING/README),https://freedict.org/downloads/,eng-swh.tei
BATCH_ENSW_FREEDICT_2026_02_24_A,556,en,half,Swahili equivalent: nusu,,nusu,n,,both,,,,,,FreeDict,GPL-2.0-or-later (see package COPYING/README),https://freedict.org/downloads/,eng-swh.tei
BATCH_ENSW_FREEDICT_2026_02_24_A,557,en,half gallon,Swahili equivalent: pishi,,pishi,n,,both,,,,,,FreeDict,GPL-2.0-or-later (see package COPYING/README),https://freedict.org/downloads/,eng-swh.tei
BATCH_ENSW_FREEDICT_2026_02_24_A,558,en,hammer,Swahili equivalent: nyundo,,nyundo,n,,both,,,,,,FreeDict,GPL-2.0-or-later (see package COPYING/README),https://freedict.org/downloads/,eng-swh.tei
BATCH_ENSW_FREEDICT_2026_02_24_A,559,en,hang up on,Swahili equivalent: tundikia,,tundikia,v,,both,,,,,,FreeDict,GPL-2.0-or-later (see package COPYING/README),https://freedict.org/downloads/,eng-swh.tei
BATCH_ENSW_FREEDICT_2026_02_24_A,560,en,hard,Swahili equivalent: gumu,,gumu,adj,,both,,,,,,FreeDict,GPL-2.0-or-later (see package COPYING/README),https://freedict.org/downloads/,eng-swh.tei
BATCH_ENSW_FREEDICT_2026_02_24_A,561,en,hare,Swahili equivalent: sungura,,sungura,n,,both,,,,,,FreeDict,GPL-2.0-or-later (see package COPYING/README),https://freedict.org/downloads/,eng-swh.tei
BATCH_ENSW_FREEDICT_2026_02_24_A,562,en,harm,Swahili equivalent: dhuru,,dhuru,v,,both,,,,,,FreeDict,GPL-2.0-or-later (see package COPYING/README),https://freedict.org/downloads/,eng-swh.tei
BATCH_ENSW_FREEDICT_2026_02_24_A,563,en,harvest,Swahili equivalent: mavuno,,mavuno,n,,both,,,,,,FreeDict,GPL-2.0-or-later (see package COPYING/README),https://freedict.org/downloads/,eng-swh.tei
BATCH_ENSW_FREEDICT_2026_02_24_A,564,en,haste,Swahili equivalent: haraka,,haraka,n,,both,,,,,,FreeDict,GPL-2.0-or-later (see package COPYING/README),https://freedict.org/downloads/,eng-swh.tei
BATCH_ENSW_FREEDICT_2026_02_24_A,565,en,hat,Swahili equivalent: kofia,,kofia,n,,both,,,,,,FreeDict,GPL-2.0-or-later (see package COPYING/README),https://freedict.org/downloads/,eng-swh.tei
BATCH_ENSW_FREEDICT_2026_02_24_A,566,en,hate,Swahili equivalent: chukia,,chukia,v,,both,,,,,,FreeDict,GPL-2.0-or-later (see package COPYING/README),https://freedict.org/downloads/,eng-swh.tei
BATCH_ENSW_FREEDICT_2026_02_24_A,567,en,have,Swahili equivalent: na,,na,v,,both,,,,,,FreeDict,GPL-2.0-or-later (see package COPYING/README),https://freedict.org/downloads/,eng-swh.tei
BATCH_ENSW_FREEDICT_2026_02_24_A,568,en,having,Swahili equivalent: enye,,enye,adj,,both,,,,,,FreeDict,GPL-2.0-or-later (see package COPYING/README),https://freedict.org/downloads/,eng-swh.tei
BATCH_ENSW_FREEDICT_2026_02_24_A,569,en,he,Swahili equivalent: yeye,,yeye,pron,,both,,,,,,FreeDict,GPL-2.0-or-later (see package COPYING/README),https://freedict.org/downloads/,eng-swh.tei
BATCH_ENSW_FREEDICT_2026_02_24_A,570,en,he she is,Swahili equivalent: yu,,yu,irrv,,both,,,,,,FreeDict,GPL-2.0-or-later (see package COPYING/README),https://freedict.org/downloads/,eng-swh.tei
BATCH_ENSW_FREEDICT_2026_02_24_A,571,en,head,Swahili equivalent: kichwa,,kichwa,n,,both,,,,,,FreeDict,GPL-2.0-or-later (see package COPYING/README),https://freedict.org/downloads/,eng-swh.tei
BATCH_ENSW_FREEDICT_2026_02_24_A,572,en,health,Swahili equivalent: afya,,afya,n,,both,,,,,,FreeDict,GPL-2.0-or-later (see package COPYING/README),https://freedict.org/downloads/,eng-swh.tei
BATCH_ENSW_FREEDICT_2026_02_24_A,573,en,hear,Swahili equivalent: sikia,,sikia,v,,both,,,,,,FreeDict,GPL-2.0-or-later (see package COPYING/README),https://freedict.org/downloads/,eng-swh.tei
BATCH_ENSW_FREEDICT_2026_02_24_A,574,en,heart,Swahili equivalent: moyo,,moyo,n,,both,,,,,,FreeDict,GPL-2.0-or-later (see package COPYING/README),https://freedict.org/downloads/,eng-swh.tei
BATCH_ENSW_FREEDICT_2026_02_24_A,575,en,heat,Swahili equivalent: joto,,joto,n,,both,,,,,,FreeDict,GPL-2.0-or-later (see package COPYING/README),https://freedict.org/downloads/,eng-swh.tei
BATCH_ENSW_FREEDICT_2026_02_24_A,576,en,heavy,Swahili equivalent: zito,,zito,adj,,both,,,,,,FreeDict,GPL-2.0-or-later (see package COPYING/README),https://freedict.org/downloads/,eng-swh.tei
BATCH_ENSW_FREEDICT_2026_02_24_A,577,en,heel,Swahili equivalent: kisigino,,kisigino,n,,both,,,,,,FreeDict,GPL-2.0-or-later (see package COPYING/README),https://freedict.org/downloads/,eng-swh.tei
BATCH_ENSW_FREEDICT_2026_02_24_A,578,en,hello,Swahili equivalent: jambo,,jambo,,,both,,,,,,FreeDict,GPL-2.0-or-later (see package COPYING/README),https://freedict.org/downloads/,eng-swh.tei
BATCH_ENSW_FREEDICT_2026_02_24_A,579,en,help,Swahili equivalent: msaada,,msaada,n,,both,,,,,,FreeDict,GPL-2.0-or-later (see package COPYING/README),https://freedict.org/downloads/,eng-swh.tei
BATCH_ENSW_FREEDICT_2026_02_24_A,580,en,help,Swahili equivalent: saidia,,saidia,v,,both,,,,,,FreeDict,GPL-2.0-or-later (see package COPYING/README),https://freedict.org/downloads/,eng-swh.tei
BATCH_ENSW_FREEDICT_2026_02_24_A,581,en,herdsman,Swahili equivalent: mchungaji,,mchungaji,n,,both,,,,,,FreeDict,GPL-2.0-or-later (see package COPYING/README),https://freedict.org/downloads/,eng-swh.tei
BATCH_ENSW_FREEDICT_2026_02_24_A,582,en,here,Swahili equivalent: hapa,,hapa,adv,,both,,,,,,FreeDict,GPL-2.0-or-later (see package COPYING/README),https://freedict.org/downloads/,eng-swh.tei
BATCH_ENSW_FREEDICT_2026_02_24_A,583,en,here,Swahili equivalent: huku,,huku,adv,,both,,,,,,FreeDict,GPL-2.0-or-later (see package COPYING/README),https://freedict.org/downloads/,eng-swh.tei
BATCH_ENSW_FREEDICT_2026_02_24_A,584,en,hers,Swahili equivalent: ake,,ake,adj,,both,,,,,,FreeDict,GPL-2.0-or-later (see package COPYING/README),https://freedict.org/downloads/,eng-swh.tei
BATCH_ENSW_FREEDICT_2026_02_24_A,585,en,hesitate,Swahili equivalent: sita,,sita,v,,both,,,,,,FreeDict,GPL-2.0-or-later (see package COPYING/README),https://freedict.org/downloads/,eng-swh.tei
BATCH_ENSW_FREEDICT_2026_02_24_A,586,en,hide,Swahili equivalent: ficha,,ficha,v,,both,,,,,,FreeDict,GPL-2.0-or-later (see package COPYING/README),https://freedict.org/downloads/,eng-swh.tei
BATCH_ENSW_FREEDICT_2026_02_24_A,587,en,highway,Swahili equivalent: barabara,,barabara,n,,both,,,,,,FreeDict,GPL-2.0-or-later (see package COPYING/README),https://freedict.org/downloads/,eng-swh.tei
BATCH_ENSW_FREEDICT_2026_02_24_A,588,en,hill,Swahili equivalent: kilima,,kilima,n,,both,,,,,,FreeDict,GPL-2.0-or-later (see package COPYING/README),https://freedict.org/downloads/,eng-swh.tei
BATCH_ENSW_FREEDICT_2026_02_24_A,589,en,hinder,Swahili equivalent: zuia,,zuia,v,,both,,,,,,FreeDict,GPL-2.0-or-later (see package COPYING/README),https://freedict.org/downloads/,eng-swh.tei
BATCH_ENSW_FREEDICT_2026_02_24_A,590,en,hip,Swahili equivalent: nyonga,,nyonga,n,,both,,,,,,FreeDict,GPL-2.0-or-later (see package COPYING/README),https://freedict.org/downloads/,eng-swh.tei
BATCH_ENSW_FREEDICT_2026_02_24_A,591,en,hippo,Swahili equivalent: kiboko,,kiboko,n,,both,,,,,,FreeDict,GPL-2.0-or-later (see package COPYING/README),https://freedict.org/downloads/,eng-swh.tei
BATCH_ENSW_FREEDICT_2026_02_24_A,592,en,his,Swahili equivalent: ake,,ake,adj,,both,,,,,,FreeDict,GPL-2.0-or-later (see package COPYING/README),https://freedict.org/downloads/,eng-swh.tei
BATCH_ENSW_FREEDICT_2026_02_24_A,593,en,hit,Swahili equivalent: piga,,piga,v,,both,,,,,,FreeDict,GPL-2.0-or-later (see package COPYING/README),https://freedict.org/downloads/,eng-swh.tei
BATCH_ENSW_FREEDICT_2026_02_24_A,594,en,hit for,Swahili equivalent: pigia,,pigia,v,,both,,,,,,FreeDict,GPL-2.0-or-later (see package COPYING/README),https://freedict.org/downloads/,eng-swh.tei
BATCH_ENSW_FREEDICT_2026_02_24_A,595,en,hoe,Swahili equivalent: jembe,,jembe,n,,both,,,,,,FreeDict,GPL-2.0-or-later (see package COPYING/README),https://freedict.org/downloads/,eng-swh.tei
BATCH_ENSW_FREEDICT_2026_02_24_A,596,en,hoe,Swahili equivalent: lima,,lima,v,,both,,,,,,FreeDict,GPL-2.0-or-later (see package COPYING/README),https://freedict.org/downloads/,eng-swh.tei
BATCH_ENSW_FREEDICT_2026_02_24_A,597,en,hold on to,Swahili equivalent: shika,,shika,v,,both,,,,,,FreeDict,GPL-2.0-or-later (see package COPYING/README),https://freedict.org/downloads/,eng-swh.tei
BATCH_ENSW_FREEDICT_2026_02_24_A,598,en,holder,Swahili equivalent: mshika,,mshika,n,,both,,,,,,FreeDict,GPL-2.0-or-later (see package COPYING/README),https://freedict.org/downloads/,eng-swh.tei
BATCH_ENSW_FREEDICT_2026_02_24_A,599,en,hole,Swahili equivalent: tundu,,tundu,n,,both,,,,,,FreeDict,GPL-2.0-or-later (see package COPYING/README),https://freedict.org/downloads/,eng-swh.tei
BATCH_ENSW_FREEDICT_2026_02_24_A,600,en,holiday,Swahili equivalent: sikukuu,,sikukuu,n,,both,,,,,,FreeDict,GPL-2.0-or-later (see package COPYING/README),https://freedict.org/downloads/,eng-swh.tei
BATCH_ENSW_FREEDICT_2026_02_24_A,601,en,honey,Swahili equivalent: asali,,asali,n,,both,,,,,,FreeDict,GPL-2.0-or-later (see package COPYING/README),https://freedict.org/downloads/,eng-swh.tei
BATCH_ENSW_FREEDICT_2026_02_24_A,602,en,horn,Swahili equivalent: honi,,honi,n,,both,,,,,,FreeDict,GPL-2.0-or-later (see package COPYING/README),https://freedict.org/downloads/,eng-swh.tei
BATCH_ENSW_FREEDICT_2026_02_24_A,603,en,horse,Swahili equivalent: farasi,,farasi,n,,both,,,,,,FreeDict,GPL-2.0-or-later (see package COPYING/README),https://freedict.org/downloads/,eng-swh.tei
BATCH_ENSW_FREEDICT_2026_02_24_A,604,en,hospital,Swahili equivalent: hospitali,,hospitali,n,,both,,,,,,FreeDict,GPL-2.0-or-later (see package COPYING/README),https://freedict.org/downloads/,eng-swh.tei
BATCH_ENSW_FREEDICT_2026_02_24_A,605,en,hot season,Swahili equivalent: kaskazi,,kaskazi,n,,both,,,,,,FreeDict,GPL-2.0-or-later (see package COPYING/README),https://freedict.org/downloads/,eng-swh.tei
BATCH_ENSW_FREEDICT_2026_02_24_A,606,en,hot season,Swahili equivalent: kiangazi,,kiangazi,n,,both,,,,,,FreeDict,GPL-2.0-or-later (see package COPYING/README),https://freedict.org/downloads/,eng-swh.tei
BATCH_ENSW_FREEDICT_2026_02_24_A,607,en,hotel,Swahili equivalent: hoteli,,hoteli,n,,both,,,,,,FreeDict,GPL-2.0-or-later (see package COPYING/README),https://freedict.org/downloads/,eng-swh.tei
BATCH_ENSW_FREEDICT_2026_02_24_A,608,en,hour,Swahili equivalent: saa,,saa,n,,both,,,,,,FreeDict,GPL-2.0-or-later (see package COPYING/README),https://freedict.org/downloads/,eng-swh.tei
BATCH_ENSW_FREEDICT_2026_02_24_A,609,en,house,Swahili equivalent: nyumba,,nyumba,n,,both,,,,,,FreeDict,GPL-2.0-or-later (see package COPYING/README),https://freedict.org/downloads/,eng-swh.tei
BATCH_ENSW_FREEDICT_2026_02_24_A,610,en,how,Swahili equivalent: je?,,je?,adv,,both,,,,,,FreeDict,GPL-2.0-or-later (see package COPYING/README),https://freedict.org/downloads/,eng-swh.tei
BATCH_ENSW_FREEDICT_2026_02_24_A,611,en,how many,Swahili equivalent: ngapi?,,ngapi?,adj,,both,,,,,,FreeDict,GPL-2.0-or-later (see package COPYING/README),https://freedict.org/downloads/,eng-swh.tei
BATCH_ENSW_FREEDICT_2026_02_24_A,612,en,hundred,Swahili equivalent: mia,,mia,num,,both,,,,,,FreeDict,GPL-2.0-or-later (see package COPYING/README),https://freedict.org/downloads/,eng-swh.tei
BATCH_ENSW_FREEDICT_2026_02_24_A,613,en,hundred thousand,Swahili equivalent: laki,,laki,adj,,both,,,,,,FreeDict,GPL-2.0-or-later (see package COPYING/README),https://freedict.org/downloads/,eng-swh.tei
BATCH_ENSW_FREEDICT_2026_02_24_A,614,en,hundred thousand,Swahili equivalent: laki,,laki,num,,both,,,,,,FreeDict,GPL-2.0-or-later (see package COPYING/README),https://freedict.org/downloads/,eng-swh.tei
BATCH_ENSW_FREEDICT_2026_02_24_A,615,en,hunger,Swahili equivalent: njaa,,njaa,n,,both,,,,,,FreeDict,GPL-2.0-or-later (see package COPYING/README),https://freedict.org/downloads/,eng-swh.tei
BATCH_ENSW_FREEDICT_2026_02_24_A,616,en,hunt,Swahili equivalent: winda,,winda,v,,both,,,,,,FreeDict,GPL-2.0-or-later (see package COPYING/README),https://freedict.org/downloads/,eng-swh.tei
BATCH_ENSW_FREEDICT_2026_02_24_A,617,en,husband,Swahili equivalent: mume,,mume,n,,both,,,,,,FreeDict,GPL-2.0-or-later (see package COPYING/README),https://freedict.org/downloads/,eng-swh.tei
BATCH_ENSW_FREEDICT_2026_02_24_A,618,en,hut,Swahili equivalent: kibanda,,kibanda,n,,both,,,,,,FreeDict,GPL-2.0-or-later (see package COPYING/README),https://freedict.org/downloads/,eng-swh.tei
BATCH_ENSW_FREEDICT_2026_02_24_A,619,en,hyena,Swahili equivalent: fisi,,fisi,n,,both,,,,,,FreeDict,GPL-2.0-or-later (see package COPYING/README),https://freedict.org/downloads/,eng-swh.tei
BATCH_ENSW_FREEDICT_2026_02_24_A,620,en,I,Swahili equivalent: mimi,,mimi,pron,,both,,,,,,FreeDict,GPL-2.0-or-later (see package COPYING/README),https://freedict.org/downloads/,eng-swh.tei
BATCH_ENSW_FREEDICT_2026_02_24_A,621,en,I do not have,Swahili equivalent: sina,,sina,irrv,,both,,,,,,FreeDict,GPL-2.0-or-later (see package COPYING/README),https://freedict.org/downloads/,eng-swh.tei
BATCH_ENSW_FREEDICT_2026_02_24_A,622,en,I have,Swahili equivalent: nina,,nina,irrv,,both,,,,,,FreeDict,GPL-2.0-or-later (see package COPYING/README),https://freedict.org/downloads/,eng-swh.tei
BATCH_ENSW_FREEDICT_2026_02_24_A,623,en,ice,Swahili equivalent: barafu,,barafu,n,,both,,,,,,FreeDict,GPL-2.0-or-later (see package COPYING/README),https://freedict.org/downloads/,eng-swh.tei
BATCH_ENSW_FREEDICT_2026_02_24_A,624,en,idle,Swahili equivalent: vivu,,vivu,adj,,both,,,,,,FreeDict,GPL-2.0-or-later (see package COPYING/README),https://freedict.org/downloads/,eng-swh.tei
BATCH_ENSW_FREEDICT_2026_02_24_A,625,en,if,Swahili equivalent: iwapo,,iwapo,conj,,both,,,,,,FreeDict,GPL-2.0-or-later (see package COPYING/README),https://freedict.org/downloads/,eng-swh.tei
BATCH_ENSW_FREEDICT_2026_02_24_A,626,en,ill-feeling,Swahili equivalent: chuki,,chuki,n,,both,,,,,,FreeDict,GPL-2.0-or-later (see package COPYING/README),https://freedict.org/downloads/,eng-swh.tei
BATCH_ENSW_FREEDICT_2026_02_24_A,627,en,implement,Swahili equivalent: kifaa,,kifaa,n,,both,,,,,,FreeDict,GPL-2.0-or-later (see package COPYING/README),https://freedict.org/downloads/,eng-swh.tei
BATCH_ENSW_FREEDICT_2026_02_24_A,628,en,importance,Swahili equivalent: umuhimu,,umuhimu,n,,both,,,,,,FreeDict,GPL-2.0-or-later (see package COPYING/README),https://freedict.org/downloads/,eng-swh.tei
BATCH_ENSW_FREEDICT_2026_02_24_A,629,en,important,Swahili equivalent: muhimu,,muhimu,adj,,both,,,,,,FreeDict,GPL-2.0-or-later (see package COPYING/README),https://freedict.org/downloads/,eng-swh.tei
BATCH_ENSW_FREEDICT_2026_02_24_A,630,en,improve,Swahili equivalent: boresha,,boresha,v,,both,,,,,,FreeDict,GPL-2.0-or-later (see package COPYING/README),https://freedict.org/downloads/,eng-swh.tei
BATCH_ENSW_FREEDICT_2026_02_24_A,631,en,in,Swahili equivalent: katika,,katika,prep,,both,,,,,,FreeDict,GPL-2.0-or-later (see package COPYING/README),https://freedict.org/downloads/,eng-swh.tei
BATCH_ENSW_FREEDICT_2026_02_24_A,632,en,in a corner,Swahili equivalent: pembeni,,pembeni,adv,,both,,,,,,FreeDict,GPL-2.0-or-later (see package COPYING/README),https://freedict.org/downloads/,eng-swh.tei
BATCH_ENSW_FREEDICT_2026_02_24_A,633,en,in front,Swahili equivalent: mbele,,mbele,adv,,both,,,,,,FreeDict,GPL-2.0-or-later (see package COPYING/README),https://freedict.org/downloads/,eng-swh.tei
BATCH_ENSW_FREEDICT_2026_02_24_A,634,en,in front,Swahili equivalent: mkabala,,mkabala,adv,,both,,,,,,FreeDict,GPL-2.0-or-later (see package COPYING/README),https://freedict.org/downloads/,eng-swh.tei
BATCH_ENSW_FREEDICT_2026_02_24_A,635,en,in here,Swahili equivalent: humu,,humu,adv,,both,,,,,,FreeDict,GPL-2.0-or-later (see package COPYING/README),https://freedict.org/downloads/,eng-swh.tei
BATCH_ENSW_FREEDICT_2026_02_24_A,636,en,in order that,Swahili equivalent: ili,,ili,conj,,both,,,,,,FreeDict,GPL-2.0-or-later (see package COPYING/README),https://freedict.org/downloads/,eng-swh.tei
BATCH_ENSW_FREEDICT_2026_02_24_A,637,en,in there,Swahili equivalent: mle,,mle,adv,,both,,,,,,FreeDict,GPL-2.0-or-later (see package COPYING/README),https://freedict.org/downloads/,eng-swh.tei
BATCH_ENSW_FREEDICT_2026_02_24_A,638,en,in vain,Swahili equivalent: bure,,bure,adv,,both,,,,,,FreeDict,GPL-2.0-or-later (see package COPYING/README),https://freedict.org/downloads/,eng-swh.tei
BATCH_ENSW_FREEDICT_2026_02_24_A,639,en,in-law,Swahili equivalent: mkwe,,mkwe,n,,both,,,,,,FreeDict,GPL-2.0-or-later (see package COPYING/README),https://freedict.org/downloads/,eng-swh.tei
BATCH_ENSW_FREEDICT_2026_02_24_A,640,en,increase,Swahili equivalent: ongeza,,ongeza,v,,both,,,,,,FreeDict,GPL-2.0-or-later (see package COPYING/README),https://freedict.org/downloads/,eng-swh.tei
BATCH_ENSW_FREEDICT_2026_02_24_A,641,en,increase,Swahili equivalent: zidi,,zidi,v,,both,,,,,,FreeDict,GPL-2.0-or-later (see package COPYING/README),https://freedict.org/downloads/,eng-swh.tei
BATCH_ENSW_FREEDICT_2026_02_24_A,642,en,infect,Swahili equivalent: ambukiza,,ambukiza,v,,both,,,,,,FreeDict,GPL-2.0-or-later (see package COPYING/README),https://freedict.org/downloads/,eng-swh.tei
BATCH_ENSW_FREEDICT_2026_02_24_A,643,en,infidel,Swahili equivalent: kafiri,,kafiri,n,,both,,,,,,FreeDict,GPL-2.0-or-later (see package COPYING/README),https://freedict.org/downloads/,eng-swh.tei
BATCH_ENSW_FREEDICT_2026_02_24_A,644,en,inform,Swahili equivalent: arifu,,arifu,v,,both,,,,,,FreeDict,GPL-2.0-or-later (see package COPYING/README),https://freedict.org/downloads/,eng-swh.tei
BATCH_ENSW_FREEDICT_2026_02_24_A,645,en,inhabitant,Swahili equivalent: mwenyeji,,mwenyeji,n,,both,,,,,,FreeDict,GPL-2.0-or-later (see package COPYING/README),https://freedict.org/downloads/,eng-swh.tei
BATCH_ENSW_FREEDICT_2026_02_24_A,646,en,initiation rite,Swahili equivalent: jando,,jando,n,,both,,,,,,FreeDict,GPL-2.0-or-later (see package COPYING/README),https://freedict.org/downloads/,eng-swh.tei
BATCH_ENSW_FREEDICT_2026_02_24_A,647,en,ink,Swahili equivalent: wino,,wino,n,,both,,,,,,FreeDict,GPL-2.0-or-later (see package COPYING/README),https://freedict.org/downloads/,eng-swh.tei
BATCH_ENSW_FREEDICT_2026_02_24_A,648,en,inquisitiveness,Swahili equivalent: utafiti,,utafiti,n,,both,,,,,,FreeDict,GPL-2.0-or-later (see package COPYING/README),https://freedict.org/downloads/,eng-swh.tei
BATCH_ENSW_FREEDICT_2026_02_24_A,649,en,insect,Swahili equivalent: mdudu,,mdudu,n,,both,,,,,,FreeDict,GPL-2.0-or-later (see package COPYING/README),https://freedict.org/downloads/,eng-swh.tei
BATCH_ENSW_FREEDICT_2026_02_24_A,650,en,inside,Swahili equivalent: ndani,,ndani,adv,,both,,,,,,FreeDict,GPL-2.0-or-later (see package COPYING/README),https://freedict.org/downloads/,eng-swh.tei
BATCH_ENSW_FREEDICT_2026_02_24_A,651,en,instrument,Swahili equivalent: ala,,ala,n,,both,,,,,,FreeDict,GPL-2.0-or-later (see package COPYING/README),https://freedict.org/downloads/,eng-swh.tei
BATCH_ENSW_FREEDICT_2026_02_24_A,652,en,insult,Swahili equivalent: tusi,,tusi,n,,both,,,,,,FreeDict,GPL-2.0-or-later (see package COPYING/README),https://freedict.org/downloads/,eng-swh.tei
BATCH_ENSW_FREEDICT_2026_02_24_A,653,en,insurance,Swahili equivalent: bima,,bima,n,,both,,,,,,FreeDict,GPL-2.0-or-later (see package COPYING/README),https://freedict.org/downloads/,eng-swh.tei
BATCH_ENSW_FREEDICT_2026_02_24_A,654,en,intention,Swahili equivalent: kusudi,,kusudi,n,,both,,,,,,FreeDict,GPL-2.0-or-later (see package COPYING/README),https://freedict.org/downloads/,eng-swh.tei
BATCH_ENSW_FREEDICT_2026_02_24_A,655,en,intention,Swahili equivalent: mradi,,mradi,n,,both,,,,,,FreeDict,GPL-2.0-or-later (see package COPYING/README),https://freedict.org/downloads/,eng-swh.tei
BATCH_ENSW_FREEDICT_2026_02_24_A,656,en,intestines,Swahili equivalent: utumbo,,utumbo,n,,both,,,,,,FreeDict,GPL-2.0-or-later (see package COPYING/README),https://freedict.org/downloads/,eng-swh.tei
BATCH_ENSW_FREEDICT_2026_02_24_A,657,en,is,Swahili equivalent: ni,,ni,irrv,,both,,,,,,FreeDict,GPL-2.0-or-later (see package COPYING/README),https://freedict.org/downloads/,eng-swh.tei
BATCH_ENSW_FREEDICT_2026_02_24_A,658,en,island,Swahili equivalent: kisiwa,,kisiwa,n,,both,,,,,,FreeDict,GPL-2.0-or-later (see package COPYING/README),https://freedict.org/downloads/,eng-swh.tei
BATCH_ENSW_FREEDICT_2026_02_24_A,659,en,it is I,Swahili equivalent: ndimi,,ndimi,,,both,,,,,,FreeDict,GPL-2.0-or-later (see package COPYING/README),https://freedict.org/downloads/,eng-swh.tei
BATCH_ENSW_FREEDICT_2026_02_24_A,660,en,it is we,Swahili equivalent: ndisi,,ndisi,,,both,,,,,,FreeDict,GPL-2.0-or-later (see package COPYING/README),https://freedict.org/downloads/,eng-swh.tei
BATCH_ENSW_FREEDICT_2026_02_24_A,661,en,its,Swahili equivalent: ake,,ake,adj,,both,,,,,,FreeDict,GPL-2.0-or-later (see package COPYING/README),https://freedict.org/downloads/,eng-swh.tei
BATCH_ENSW_FREEDICT_2026_02_24_A,662,en,January,Swahili equivalent: Januari,,Januari,n,,both,,,,,,FreeDict,GPL-2.0-or-later (see package COPYING/README),https://freedict.org/downloads/,eng-swh.tei
BATCH_ENSW_FREEDICT_2026_02_24_A,663,en,jaw,Swahili equivalent: taya,,taya,n,,both,,,,,,FreeDict,GPL-2.0-or-later (see package COPYING/README),https://freedict.org/downloads/,eng-swh.tei
BATCH_ENSW_FREEDICT_2026_02_24_A,664,en,jealous,Swahili equivalent: wivu,,wivu,adj,,both,,,,,,FreeDict,GPL-2.0-or-later (see package COPYING/README),https://freedict.org/downloads/,eng-swh.tei
BATCH_ENSW_FREEDICT_2026_02_24_A,665,en,jeweller,Swahili equivalent: sonara,,sonara,n,,both,,,,,,FreeDict,GPL-2.0-or-later (see package COPYING/README),https://freedict.org/downloads/,eng-swh.tei
BATCH_ENSW_FREEDICT_2026_02_24_A,666,en,join,Swahili equivalent: unga,,unga,v,,both,,,,,,FreeDict,GPL-2.0-or-later (see package COPYING/README),https://freedict.org/downloads/,eng-swh.tei
BATCH_ENSW_FREEDICT_2026_02_24_A,667,en,journey,Swahili equivalent: safari,,safari,n,,both,,,,,,FreeDict,GPL-2.0-or-later (see package COPYING/README),https://freedict.org/downloads/,eng-swh.tei
BATCH_ENSW_FREEDICT_2026_02_24_A,668,en,joy,Swahili equivalent: furaha,,furaha,n,,both,,,,,,FreeDict,GPL-2.0-or-later (see package COPYING/README),https://freedict.org/downloads/,eng-swh.tei
BATCH_ENSW_FREEDICT_2026_02_24_A,669,en,July,Swahili equivalent: Julai,,Julai,n,,both,,,,,,FreeDict,GPL-2.0-or-later (see package COPYING/README),https://freedict.org/downloads/,eng-swh.tei
BATCH_ENSW_FREEDICT_2026_02_24_A,670,en,jump,Swahili equivalent: ruka,,ruka,v,,both,,,,,,FreeDict,GPL-2.0-or-later (see package COPYING/README),https://freedict.org/downloads/,eng-swh.tei
BATCH_ENSW_FREEDICT_2026_02_24_A,671,en,June,Swahili equivalent: Juni,,Juni,n,,both,,,,,,FreeDict,GPL-2.0-or-later (see package COPYING/README),https://freedict.org/downloads/,eng-swh.tei
BATCH_ENSW_FREEDICT_2026_02_24_A,672,en,key,Swahili equivalent: ufunguo,,ufunguo,n,,both,,,,,,FreeDict,GPL-2.0-or-later (see package COPYING/README),https://freedict.org/downloads/,eng-swh.tei
BATCH_ENSW_FREEDICT_2026_02_24_A,673,en,kidney,Swahili equivalent: figo,,figo,n,,both,,,,,,FreeDict,GPL-2.0-or-later (see package COPYING/README),https://freedict.org/downloads/,eng-swh.tei
BATCH_ENSW_FREEDICT_2026_02_24_A,674,en,kill,Swahili equivalent: ua,,ua,v,,both,,,,,,FreeDict,GPL-2.0-or-later (see package COPYING/README),https://freedict.org/downloads/,eng-swh.tei
BATCH_ENSW_FREEDICT_2026_02_24_A,675,en,kilogram,Swahili equivalent: kilo,,kilo,n,,both,,,,,,FreeDict,GPL-2.0-or-later (see package COPYING/README),https://freedict.org/downloads/,eng-swh.tei
BATCH_ENSW_FREEDICT_2026_02_24_A,676,en,kind,Swahili equivalent: aina,,aina,n,,both,,,,,,FreeDict,GPL-2.0-or-later (see package COPYING/README),https://freedict.org/downloads/,eng-swh.tei
BATCH_ENSW_FREEDICT_2026_02_24_A,677,en,kind,Swahili equivalent: jinsi,,jinsi,n,,both,,,,,,FreeDict,GPL-2.0-or-later (see package COPYING/README),https://freedict.org/downloads/,eng-swh.tei
BATCH_ENSW_FREEDICT_2026_02_24_A,678,en,kind,Swahili equivalent: namna,,namna,n,,both,,,,,,FreeDict,GPL-2.0-or-later (see package COPYING/README),https://freedict.org/downloads/,eng-swh.tei
BATCH_ENSW_FREEDICT_2026_02_24_A,679,en,king,Swahili equivalent: mfalme,,mfalme,n,,both,,,,,,FreeDict,GPL-2.0-or-later (see package COPYING/README),https://freedict.org/downloads/,eng-swh.tei
BATCH_ENSW_FREEDICT_2026_02_24_A,680,en,kingdom,Swahili equivalent: ufalme,,ufalme,n,,both,,,,,,FreeDict,GPL-2.0-or-later (see package COPYING/README),https://freedict.org/downloads/,eng-swh.tei
BATCH_ENSW_FREEDICT_2026_02_24_A,681,en,kingfish,Swahili equivalent: nguru,,nguru,n,,both,,,,,,FreeDict,GPL-2.0-or-later (see package COPYING/README),https://freedict.org/downloads/,eng-swh.tei
BATCH_ENSW_FREEDICT_2026_02_24_A,682,en,knead,Swahili equivalent: kanda,,kanda,v,,both,,,,,,FreeDict,GPL-2.0-or-later (see package COPYING/README),https://freedict.org/downloads/,eng-swh.tei
BATCH_ENSW_FREEDICT_2026_02_24_A,683,en,knee,Swahili equivalent: goti,,goti,n,,both,,,,,,FreeDict,GPL-2.0-or-later (see package COPYING/README),https://freedict.org/downloads/,eng-swh.tei
BATCH_ENSW_FREEDICT_2026_02_24_A,684,en,knife,Swahili equivalent: kisu,,kisu,n,,both,,,,,,FreeDict,GPL-2.0-or-later (see package COPYING/README),https://freedict.org/downloads/,eng-swh.tei
BATCH_ENSW_FREEDICT_2026_02_24_A,685,en,know,Swahili equivalent: elewa,,elewa,v,,both,,,,,,FreeDict,GPL-2.0-or-later (see package COPYING/README),https://freedict.org/downloads/,eng-swh.tei
BATCH_ENSW_FREEDICT_2026_02_24_A,686,en,know,Swahili equivalent: jua,,jua,v,,both,,,,,,FreeDict,GPL-2.0-or-later (see package COPYING/README),https://freedict.org/downloads/,eng-swh.tei
BATCH_ENSW_FREEDICT_2026_02_24_A,687,en,knowledge,Swahili equivalent: elimu,,elimu,n,,both,,,,,,FreeDict,GPL-2.0-or-later (see package COPYING/README),https://freedict.org/downloads/,eng-swh.tei
BATCH_ENSW_FREEDICT_2026_02_24_A,688,en,knowledge,Swahili equivalent: maarifa,,maarifa,n,,both,,,,,,FreeDict,GPL-2.0-or-later (see package COPYING/README),https://freedict.org/downloads/,eng-swh.tei
BATCH_ENSW_FREEDICT_2026_02_24_A,689,en,Koran,Swahili equivalent: Kurani,,Kurani,n,,both,,,,,,FreeDict,GPL-2.0-or-later (see package COPYING/README),https://freedict.org/downloads/,eng-swh.tei
BATCH_ENSW_FREEDICT_2026_02_24_A,690,en,lace,Swahili equivalent: almaria,,almaria,n,,both,,,,,,FreeDict,GPL-2.0-or-later (see package COPYING/README),https://freedict.org/downloads/,eng-swh.tei
BATCH_ENSW_FREEDICT_2026_02_24_A,691,en,lady,Swahili equivalent: bibi,,bibi,n,,both,,,,,,FreeDict,GPL-2.0-or-later (see package COPYING/README),https://freedict.org/downloads/,eng-swh.tei
BATCH_ENSW_FREEDICT_2026_02_24_A,692,en,lamp,Swahili equivalent: taa,,taa,n,,both,,,,,,FreeDict,GPL-2.0-or-later (see package COPYING/README),https://freedict.org/downloads/,eng-swh.tei
BATCH_ENSW_FREEDICT_2026_02_24_A,693,en,land,Swahili equivalent: ardhi,,ardhi,n,,both,,,,,,FreeDict,GPL-2.0-or-later (see package COPYING/README),https://freedict.org/downloads/,eng-swh.tei
BATCH_ENSW_FREEDICT_2026_02_24_A,694,en,language,Swahili equivalent: lugha,,lugha,n,,both,,,,,,FreeDict,GPL-2.0-or-later (see package COPYING/README),https://freedict.org/downloads/,eng-swh.tei
BATCH_ENSW_FREEDICT_2026_02_24_A,695,en,large basket,Swahili equivalent: kapu,,kapu,n,,both,,,,,,FreeDict,GPL-2.0-or-later (see package COPYING/README),https://freedict.org/downloads/,eng-swh.tei
BATCH_ENSW_FREEDICT_2026_02_24_A,696,en,last,Swahili equivalent: mwisho,,mwisho,adj,,both,,,,,,FreeDict,GPL-2.0-or-later (see package COPYING/README),https://freedict.org/downloads/,eng-swh.tei
BATCH_ENSW_FREEDICT_2026_02_24_A,697,en,latrine,Swahili equivalent: choo,,choo,n,,both,,,,,,FreeDict,GPL-2.0-or-later (see package COPYING/README),https://freedict.org/downloads/,eng-swh.tei
BATCH_ENSW_FREEDICT_2026_02_24_A,698,en,laugh,Swahili equivalent: cheka,,cheka,v,,both,,,,,,FreeDict,GPL-2.0-or-later (see package COPYING/README),https://freedict.org/downloads/,eng-swh.tei
BATCH_ENSW_FREEDICT_2026_02_24_A,699,en,laxative,Swahili equivalent: haluli,,haluli,n,,both,,,,,,FreeDict,GPL-2.0-or-later (see package COPYING/README),https://freedict.org/downloads/,eng-swh.tei
BATCH_ENSW_FREEDICT_2026_02_24_A,700,en,lay down,Swahili equivalent: laza,,laza,v,,both,,,,,,FreeDict,GPL-2.0-or-later (see package COPYING/README),https://freedict.org/downloads/,eng-swh.tei
BATCH_ENSW_FREEDICT_2026_02_24_A,701,en,lay out,Swahili equivalent: tandika,,tandika,v,,both,,,,,,FreeDict,GPL-2.0-or-later (see package COPYING/README),https://freedict.org/downloads/,eng-swh.tei
BATCH_ENSW_FREEDICT_2026_02_24_A,702,en,leader,Swahili equivalent: mkurugenzi,,mkurugenzi,n,,both,,,,,,FreeDict,GPL-2.0-or-later (see package COPYING/README),https://freedict.org/downloads/,eng-swh.tei
BATCH_ENSW_FREEDICT_2026_02_24_A,703,en,leaf,Swahili equivalent: jani,,jani,n,,both,,,,,,FreeDict,GPL-2.0-or-later (see package COPYING/README),https://freedict.org/downloads/,eng-swh.tei
BATCH_ENSW_FREEDICT_2026_02_24_A,704,en,leak,Swahili equivalent: vuja,,vuja,v,,both,,,,,,FreeDict,GPL-2.0-or-later (see package COPYING/README),https://freedict.org/downloads/,eng-swh.tei
BATCH_ENSW_FREEDICT_2026_02_24_A,705,en,learn,Swahili equivalent: jifunza,,jifunza,v,,both,,,,,,FreeDict,GPL-2.0-or-later (see package COPYING/README),https://freedict.org/downloads/,eng-swh.tei
BATCH_ENSW_FREEDICT_2026_02_24_A,706,en,leather strap,Swahili equivalent: ukanda,,ukanda,n,,both,,,,,,FreeDict,GPL-2.0-or-later (see package COPYING/README),https://freedict.org/downloads/,eng-swh.tei
BATCH_ENSW_FREEDICT_2026_02_24_A,707,en,leave,Swahili equivalent: acha,,acha,v,,both,,,,,,FreeDict,GPL-2.0-or-later (see package COPYING/README),https://freedict.org/downloads/,eng-swh.tei
BATCH_ENSW_FREEDICT_2026_02_24_A,708,en,left hand,Swahili equivalent: shoto,,shoto,n,,both,,,,,,FreeDict,GPL-2.0-or-later (see package COPYING/README),https://freedict.org/downloads/,eng-swh.tei
BATCH_ENSW_FREEDICT_2026_02_24_A,709,en,left side,Swahili equivalent: kushoto,,kushoto,n,,both,,,,,,FreeDict,GPL-2.0-or-later (see package COPYING/README),https://freedict.org/downloads/,eng-swh.tei
BATCH_ENSW_FREEDICT_2026_02_24_A,710,en,leg,Swahili equivalent: mguu,,mguu,n,,both,,,,,,FreeDict,GPL-2.0-or-later (see package COPYING/README),https://freedict.org/downloads/,eng-swh.tei
BATCH_ENSW_FREEDICT_2026_02_24_A,711,en,lemon,Swahili equivalent: limau,,limau,n,,both,,,,,,FreeDict,GPL-2.0-or-later (see package COPYING/README),https://freedict.org/downloads/,eng-swh.tei
BATCH_ENSW_FREEDICT_2026_02_24_A,712,en,lend,Swahili equivalent: kopesha,,kopesha,v,,both,,,,,,FreeDict,GPL-2.0-or-later (see package COPYING/README),https://freedict.org/downloads/,eng-swh.tei
BATCH_ENSW_FREEDICT_2026_02_24_A,713,en,length,Swahili equivalent: urefu,,urefu,n,,both,,,,,,FreeDict,GPL-2.0-or-later (see package COPYING/README),https://freedict.org/downloads/,eng-swh.tei
BATCH_ENSW_FREEDICT_2026_02_24_A,714,en,leopard,Swahili equivalent: chui,,chui,n,,both,,,,,,FreeDict,GPL-2.0-or-later (see package COPYING/README),https://freedict.org/downloads/,eng-swh.tei
BATCH_ENSW_FREEDICT_2026_02_24_A,715,en,less,Swahili equivalent: kasa,,kasa,adv,,both,,,,,,FreeDict,GPL-2.0-or-later (see package COPYING/README),https://freedict.org/downloads/,eng-swh.tei
BATCH_ENSW_FREEDICT_2026_02_24_A,716,en,less,Swahili equivalent: kasoro,,kasoro,adv,,both,,,,,,FreeDict,GPL-2.0-or-later (see package COPYING/README),https://freedict.org/downloads/,eng-swh.tei
BATCH_ENSW_FREEDICT_2026_02_24_A,717,en,less a quarter,Swahili equivalent: kasorobo,,kasorobo,,,both,,,,,,FreeDict,GPL-2.0-or-later (see package COPYING/README),https://freedict.org/downloads/,eng-swh.tei
BATCH_ENSW_FREEDICT_2026_02_24_A,718,en,lesser rains,Swahili equivalent: vuli,,vuli,n,,both,,,,,,FreeDict,GPL-2.0-or-later (see package COPYING/README),https://freedict.org/downloads/,eng-swh.tei
BATCH_ENSW_FREEDICT_2026_02_24_A,719,en,lesson,Swahili equivalent: fundisho,,fundisho,n,,both,,,,,,FreeDict,GPL-2.0-or-later (see package COPYING/README),https://freedict.org/downloads/,eng-swh.tei
BATCH_ENSW_FREEDICT_2026_02_24_A,720,en,letter,Swahili equivalent: barua,,barua,n,,both,,,,,,FreeDict,GPL-2.0-or-later (see package COPYING/README),https://freedict.org/downloads/,eng-swh.tei
BATCH_ENSW_FREEDICT_2026_02_24_A,721,en,lid,Swahili equivalent: kifuniko,,kifuniko,n,,both,,,,,,FreeDict,GPL-2.0-or-later (see package COPYING/README),https://freedict.org/downloads/,eng-swh.tei
BATCH_ENSW_FREEDICT_2026_02_24_A,722,en,lie down,Swahili equivalent: lala,,lala,v,,both,,,,,,FreeDict,GPL-2.0-or-later (see package COPYING/README),https://freedict.org/downloads/,eng-swh.tei
BATCH_ENSW_FREEDICT_2026_02_24_A,723,en,life,Swahili equivalent: maisha,,maisha,n,,both,,,,,,FreeDict,GPL-2.0-or-later (see package COPYING/README),https://freedict.org/downloads/,eng-swh.tei
BATCH_ENSW_FREEDICT_2026_02_24_A,724,en,life,Swahili equivalent: uhai,,uhai,n,,both,,,,,,FreeDict,GPL-2.0-or-later (see package COPYING/README),https://freedict.org/downloads/,eng-swh.tei
BATCH_ENSW_FREEDICT_2026_02_24_A,725,en,lift up,Swahili equivalent: inua,,inua,v,,both,,,,,,FreeDict,GPL-2.0-or-later (see package COPYING/README),https://freedict.org/downloads/,eng-swh.tei
BATCH_ENSW_FREEDICT_2026_02_24_A,726,en,light weight,Swahili equivalent: epesi,,epesi,adj,,both,,,,,,FreeDict,GPL-2.0-or-later (see package COPYING/README),https://freedict.org/downloads/,eng-swh.tei
BATCH_ENSW_FREEDICT_2026_02_24_A,727,en,lightning,Swahili equivalent: umeme,,umeme,n,,both,,,,,,FreeDict,GPL-2.0-or-later (see package COPYING/README),https://freedict.org/downloads/,eng-swh.tei
BATCH_ENSW_FREEDICT_2026_02_24_A,728,en,like,Swahili equivalent: kama,,kama,conj,,both,,,,,,FreeDict,GPL-2.0-or-later (see package COPYING/README),https://freedict.org/downloads/,eng-swh.tei
BATCH_ENSW_FREEDICT_2026_02_24_A,729,en,liken,Swahili equivalent: fananisha,,fananisha,v,,both,,,,,,FreeDict,GPL-2.0-or-later (see package COPYING/README),https://freedict.org/downloads/,eng-swh.tei
BATCH_ENSW_FREEDICT_2026_02_24_A,730,en,lime,Swahili equivalent: ndimu,,ndimu,n,,both,,,,,,FreeDict,GPL-2.0-or-later (see package COPYING/README),https://freedict.org/downloads/,eng-swh.tei
BATCH_ENSW_FREEDICT_2026_02_24_A,731,en,line,Swahili equivalent: mstari,,mstari,n,,both,,,,,,FreeDict,GPL-2.0-or-later (see package COPYING/README),https://freedict.org/downloads/,eng-swh.tei
BATCH_ENSW_FREEDICT_2026_02_24_A,732,en,link,Swahili equivalent: kiungo,,kiungo,n,,both,,,,,,FreeDict,GPL-2.0-or-later (see package COPYING/README),https://freedict.org/downloads/,eng-swh.tei
BATCH_ENSW_FREEDICT_2026_02_24_A,733,en,lion,Swahili equivalent: simba,,simba,n,,both,,,,,,FreeDict,GPL-2.0-or-later (see package COPYING/README),https://freedict.org/downloads/,eng-swh.tei
BATCH_ENSW_FREEDICT_2026_02_24_A,734,en,lip,Swahili equivalent: mdomo,,mdomo,n,,both,,,,,,FreeDict,GPL-2.0-or-later (see package COPYING/README),https://freedict.org/downloads/,eng-swh.tei
BATCH_ENSW_FREEDICT_2026_02_24_A,735,en,list,Swahili equivalent: orodha,,orodha,n,,both,,,,,,FreeDict,GPL-2.0-or-later (see package COPYING/README),https://freedict.org/downloads/,eng-swh.tei
BATCH_ENSW_FREEDICT_2026_02_24_A,736,en,listen,Swahili equivalent: sikiliza,,sikiliza,v,,both,,,,,,FreeDict,GPL-2.0-or-later (see package COPYING/README),https://freedict.org/downloads/,eng-swh.tei
BATCH_ENSW_FREEDICT_2026_02_24_A,737,en,liver,Swahili equivalent: ini,,ini,n,,both,,,,,,FreeDict,GPL-2.0-or-later (see package COPYING/README),https://freedict.org/downloads/,eng-swh.tei
BATCH_ENSW_FREEDICT_2026_02_24_A,738,en,load,Swahili equivalent: mzigo,,mzigo,n,,both,,,,,,FreeDict,GPL-2.0-or-later (see package COPYING/README),https://freedict.org/downloads/,eng-swh.tei
BATCH_ENSW_FREEDICT_2026_02_24_A,739,en,lock,Swahili equivalent: kitasa,,kitasa,n,,both,,,,,,FreeDict,GPL-2.0-or-later (see package COPYING/README),https://freedict.org/downloads/,eng-swh.tei
BATCH_ENSW_FREEDICT_2026_02_24_A,740,en,locust,Swahili equivalent: nzige,,nzige,n,,both,,,,,,FreeDict,GPL-2.0-or-later (see package COPYING/README),https://freedict.org/downloads/,eng-swh.tei
BATCH_ENSW_FREEDICT_2026_02_24_A,741,en,long,Swahili equivalent: refu,,refu,adj,,both,,,,,,FreeDict,GPL-2.0-or-later (see package COPYING/README),https://freedict.org/downloads/,eng-swh.tei
BATCH_ENSW_FREEDICT_2026_02_24_A,742,en,look at,Swahili equivalent: tazama,,tazama,v,,both,,,,,,FreeDict,GPL-2.0-or-later (see package COPYING/README),https://freedict.org/downloads/,eng-swh.tei
BATCH_ENSW_FREEDICT_2026_02_24_A,743,en,look for,Swahili equivalent: tafuta,,tafuta,v,,both,,,,,,FreeDict,GPL-2.0-or-later (see package COPYING/README),https://freedict.org/downloads/,eng-swh.tei
BATCH_ENSW_FREEDICT_2026_02_24_A,744,en,lose,Swahili equivalent: poteza,,poteza,v,,both,,,,,,FreeDict,GPL-2.0-or-later (see package COPYING/README),https://freedict.org/downloads/,eng-swh.tei
BATCH_ENSW_FREEDICT_2026_02_24_A,745,en,loss,Swahili equivalent: hasara,,hasara,n,,both,,,,,,FreeDict,GPL-2.0-or-later (see package COPYING/README),https://freedict.org/downloads/,eng-swh.tei
BATCH_ENSW_FREEDICT_2026_02_24_A,746,en,lot,Swahili equivalent: kura,,kura,n,,both,,,,,,FreeDict,GPL-2.0-or-later (see package COPYING/README),https://freedict.org/downloads/,eng-swh.tei
BATCH_ENSW_FREEDICT_2026_02_24_A,747,en,love,Swahili equivalent: penda,,penda,v,,both,,,,,,FreeDict,GPL-2.0-or-later (see package COPYING/README),https://freedict.org/downloads/,eng-swh.tei
BATCH_ENSW_FREEDICT_2026_02_24_A,748,en,lung,Swahili equivalent: pafu,,pafu,n,,both,,,,,,FreeDict,GPL-2.0-or-later (see package COPYING/README),https://freedict.org/downloads/,eng-swh.tei
BATCH_ENSW_FREEDICT_2026_02_24_A,749,en,machine,Swahili equivalent: mashine,,mashine,n,,both,,,,,,FreeDict,GPL-2.0-or-later (see package COPYING/README),https://freedict.org/downloads/,eng-swh.tei
BATCH_ENSW_FREEDICT_2026_02_24_A,750,en,maiden,Swahili equivalent: mwali,,mwali,n,,both,,,,,,FreeDict,GPL-2.0-or-later (see package COPYING/README),https://freedict.org/downloads/,eng-swh.tei
BATCH_ENSW_FREEDICT_2026_02_24_A,751,en,mail,Swahili equivalent: posta,,posta,n,,both,,,,,,FreeDict,GPL-2.0-or-later (see package COPYING/README),https://freedict.org/downloads/,eng-swh.tei
BATCH_ENSW_FREEDICT_2026_02_24_A,752,en,maize,Swahili equivalent: hindi,,hindi,n,,both,,,,,,FreeDict,GPL-2.0-or-later (see package COPYING/README),https://freedict.org/downloads/,eng-swh.tei
BATCH_ENSW_FREEDICT_2026_02_24_A,753,en,maize plant,Swahili equivalent: muhindi,,muhindi,n,,both,,,,,,FreeDict,GPL-2.0-or-later (see package COPYING/README),https://freedict.org/downloads/,eng-swh.tei
BATCH_ENSW_FREEDICT_2026_02_24_A,754,en,make,Swahili equivalent: fanya,,fanya,v,,both,,,,,,FreeDict,GPL-2.0-or-later (see package COPYING/README),https://freedict.org/downloads/,eng-swh.tei
BATCH_ENSW_FREEDICT_2026_02_24_A,755,en,male,Swahili equivalent: kiume,,kiume,n,,both,,,,,,FreeDict,GPL-2.0-or-later (see package COPYING/README),https://freedict.org/downloads/,eng-swh.tei
BATCH_ENSW_FREEDICT_2026_02_24_A,756,en,man,Swahili equivalent: mwanamume,,mwanamume,n,,both,,,,,,FreeDict,GPL-2.0-or-later (see package COPYING/README),https://freedict.org/downloads/,eng-swh.tei
BATCH_ENSW_FREEDICT_2026_02_24_A,757,en,mango,Swahili equivalent: embe,,embe,n,,both,,,,,,FreeDict,GPL-2.0-or-later (see package COPYING/README),https://freedict.org/downloads/,eng-swh.tei
BATCH_ENSW_FREEDICT_2026_02_24_A,758,en,mango tree,Swahili equivalent: mwembe,,mwembe,n,,both,,,,,,FreeDict,GPL-2.0-or-later (see package COPYING/README),https://freedict.org/downloads/,eng-swh.tei
BATCH_ENSW_FREEDICT_2026_02_24_A,759,en,manners,Swahili equivalent: adabu,,adabu,n,,both,,,,,,FreeDict,GPL-2.0-or-later (see package COPYING/README),https://freedict.org/downloads/,eng-swh.tei
BATCH_ENSW_FREEDICT_2026_02_24_A,760,en,mansion,Swahili equivalent: jumba,,jumba,n,,both,,,,,,FreeDict,GPL-2.0-or-later (see package COPYING/README),https://freedict.org/downloads/,eng-swh.tei
BATCH_ENSW_FREEDICT_2026_02_24_A,761,en,manure,Swahili equivalent: mbolea,,mbolea,n,,both,,,,,,FreeDict,GPL-2.0-or-later (see package COPYING/README),https://freedict.org/downloads/,eng-swh.tei
BATCH_ENSW_FREEDICT_2026_02_24_A,762,en,manure,Swahili equivalent: samadi,,samadi,n,,both,,,,,,FreeDict,GPL-2.0-or-later (see package COPYING/README),https://freedict.org/downloads/,eng-swh.tei
BATCH_ENSW_FREEDICT_2026_02_24_A,763,en,many,Swahili equivalent: ingi,,ingi,adj,,both,,,,,,FreeDict,GPL-2.0-or-later (see package COPYING/README),https://freedict.org/downloads/,eng-swh.tei
BATCH_ENSW_FREEDICT_2026_02_24_A,764,en,map,Swahili equivalent: ramani,,ramani,n,,both,,,,,,FreeDict,GPL-2.0-or-later (see package COPYING/README),https://freedict.org/downloads/,eng-swh.tei
BATCH_ENSW_FREEDICT_2026_02_24_A,765,en,March,Swahili equivalent: machi,,machi,n,,both,,,,,,FreeDict,GPL-2.0-or-later (see package COPYING/README),https://freedict.org/downloads/,eng-swh.tei
BATCH_ENSW_FREEDICT_2026_02_24_A,766,en,mark,Swahili equivalent: chapa,,chapa,n,,both,,,,,,FreeDict,GPL-2.0-or-later (see package COPYING/README),https://freedict.org/downloads/,eng-swh.tei
BATCH_ENSW_FREEDICT_2026_02_24_A,767,en,market,Swahili equivalent: soko,,soko,n,,both,,,,,,FreeDict,GPL-2.0-or-later (see package COPYING/README),https://freedict.org/downloads/,eng-swh.tei
BATCH_ENSW_FREEDICT_2026_02_24_A,768,en,marriage,Swahili equivalent: ndoa,,ndoa,n,,both,,,,,,FreeDict,GPL-2.0-or-later (see package COPYING/README),https://freedict.org/downloads/,eng-swh.tei
BATCH_ENSW_FREEDICT_2026_02_24_A,769,en,marry,Swahili equivalent: oa,,oa,v,,both,,,,,,FreeDict,GPL-2.0-or-later (see package COPYING/README),https://freedict.org/downloads/,eng-swh.tei
BATCH_ENSW_FREEDICT_2026_02_24_A,770,en,match,Swahili equivalent: kiberiti,,kiberiti,n,,both,,,,,,FreeDict,GPL-2.0-or-later (see package COPYING/README),https://freedict.org/downloads/,eng-swh.tei
BATCH_ENSW_FREEDICT_2026_02_24_A,771,en,matter,Swahili equivalent: jambo,,jambo,n,,both,,,,,,FreeDict,GPL-2.0-or-later (see package COPYING/README),https://freedict.org/downloads/,eng-swh.tei
BATCH_ENSW_FREEDICT_2026_02_24_A,772,en,May,Swahili equivalent: Mei,,Mei,n,,both,,,,,,FreeDict,GPL-2.0-or-later (see package COPYING/README),https://freedict.org/downloads/,eng-swh.tei
BATCH_ENSW_FREEDICT_2026_02_24_A,773,en,meaning,Swahili equivalent: maana,,maana,n,,both,,,,,,FreeDict,GPL-2.0-or-later (see package COPYING/README),https://freedict.org/downloads/,eng-swh.tei
BATCH_ENSW_FREEDICT_2026_02_24_A,774,en,measles,Swahili equivalent: shurua,,shurua,n,,both,,,,,,FreeDict,GPL-2.0-or-later (see package COPYING/README),https://freedict.org/downloads/,eng-swh.tei
BATCH_ENSW_FREEDICT_2026_02_24_A,775,en,measure,Swahili equivalent: cheo,,cheo,n,,both,,,,,,FreeDict,GPL-2.0-or-later (see package COPYING/README),https://freedict.org/downloads/,eng-swh.tei
BATCH_ENSW_FREEDICT_2026_02_24_A,776,en,measure,Swahili equivalent: pima,,pima,v,,both,,,,,,FreeDict,GPL-2.0-or-later (see package COPYING/README),https://freedict.org/downloads/,eng-swh.tei
BATCH_ENSW_FREEDICT_2026_02_24_A,777,en,measurement,Swahili equivalent: kipimo,,kipimo,n,,both,,,,,,FreeDict,GPL-2.0-or-later (see package COPYING/README),https://freedict.org/downloads/,eng-swh.tei
BATCH_ENSW_FREEDICT_2026_02_24_A,778,en,meat,Swahili equivalent: nyama,,nyama,n,,both,,,,,,FreeDict,GPL-2.0-or-later (see package COPYING/README),https://freedict.org/downloads/,eng-swh.tei
BATCH_ENSW_FREEDICT_2026_02_24_A,779,en,meat pie,Swahili equivalent: sambusa,,sambusa,n,,both,,,,,,FreeDict,GPL-2.0-or-later (see package COPYING/README),https://freedict.org/downloads/,eng-swh.tei
BATCH_ENSW_FREEDICT_2026_02_24_A,780,en,medicine,Swahili equivalent: dawa,,dawa,n,,both,,,,,,FreeDict,GPL-2.0-or-later (see package COPYING/README),https://freedict.org/downloads/,eng-swh.tei
BATCH_ENSW_FREEDICT_2026_02_24_A,781,en,meet,Swahili equivalent: kutana,,kutana,v,,both,,,,,,FreeDict,GPL-2.0-or-later (see package COPYING/README),https://freedict.org/downloads/,eng-swh.tei
BATCH_ENSW_FREEDICT_2026_02_24_A,782,en,meet,Swahili equivalent: onana,,onana,v,,both,,,,,,FreeDict,GPL-2.0-or-later (see package COPYING/README),https://freedict.org/downloads/,eng-swh.tei
BATCH_ENSW_FREEDICT_2026_02_24_A,783,en,men,Swahili equivalent: wanaume,,wanaume,n,,both,,,,,,FreeDict,GPL-2.0-or-later (see package COPYING/README),https://freedict.org/downloads/,eng-swh.tei
BATCH_ENSW_FREEDICT_2026_02_24_A,784,en,mercy,Swahili equivalent: huruma,,huruma,n,,both,,,,,,FreeDict,GPL-2.0-or-later (see package COPYING/README),https://freedict.org/downloads/,eng-swh.tei
BATCH_ENSW_FREEDICT_2026_02_24_A,785,en,merge,Swahili equivalent: unganisha,,unganisha,v,,both,,,,,,FreeDict,GPL-2.0-or-later (see package COPYING/README),https://freedict.org/downloads/,eng-swh.tei
BATCH_ENSW_FREEDICT_2026_02_24_A,786,en,messenger,Swahili equivalent: mjumbe,,mjumbe,n,,both,,,,,,FreeDict,GPL-2.0-or-later (see package COPYING/README),https://freedict.org/downloads/,eng-swh.tei
BATCH_ENSW_FREEDICT_2026_02_24_A,787,en,metal,Swahili equivalent: madini,,madini,n,,both,,,,,,FreeDict,GPL-2.0-or-later (see package COPYING/README),https://freedict.org/downloads/,eng-swh.tei
BATCH_ENSW_FREEDICT_2026_02_24_A,788,en,midday,Swahili equivalent: adhuhuri,,adhuhuri,n,,both,,,,,,FreeDict,GPL-2.0-or-later (see package COPYING/README),https://freedict.org/downloads/,eng-swh.tei
BATCH_ENSW_FREEDICT_2026_02_24_A,789,en,middle,Swahili equivalent: kati,,kati,adv,,both,,,,,,FreeDict,GPL-2.0-or-later (see package COPYING/README),https://freedict.org/downloads/,eng-swh.tei
BATCH_ENSW_FREEDICT_2026_02_24_A,790,en,middle,Swahili equivalent: katikati,,katikati,adv,,both,,,,,,FreeDict,GPL-2.0-or-later (see package COPYING/README),https://freedict.org/downloads/,eng-swh.tei
BATCH_ENSW_FREEDICT_2026_02_24_A,791,en,mile,Swahili equivalent: maili,,maili,n,,both,,,,,,FreeDict,GPL-2.0-or-later (see package COPYING/README),https://freedict.org/downloads/,eng-swh.tei
BATCH_ENSW_FREEDICT_2026_02_24_A,792,en,milk,Swahili equivalent: maziwa,,maziwa,n,,both,,,,,,FreeDict,GPL-2.0-or-later (see package COPYING/README),https://freedict.org/downloads/,eng-swh.tei
BATCH_ENSW_FREEDICT_2026_02_24_A,793,en,millet,Swahili equivalent: mtama,,mtama,n,,both,,,,,,FreeDict,GPL-2.0-or-later (see package COPYING/README),https://freedict.org/downloads/,eng-swh.tei
BATCH_ENSW_FREEDICT_2026_02_24_A,794,en,million,Swahili equivalent: milioni,,milioni,num,,both,,,,,,FreeDict,GPL-2.0-or-later (see package COPYING/README),https://freedict.org/downloads/,eng-swh.tei
BATCH_ENSW_FREEDICT_2026_02_24_A,795,en,mimic,Swahili equivalent: igiza,,igiza,v,,both,,,,,,FreeDict,GPL-2.0-or-later (see package COPYING/README),https://freedict.org/downloads/,eng-swh.tei
BATCH_ENSW_FREEDICT_2026_02_24_A,796,en,minister,Swahili equivalent: kasisi,,kasisi,n,,both,,,,,,FreeDict,GPL-2.0-or-later (see package COPYING/README),https://freedict.org/downloads/,eng-swh.tei
BATCH_ENSW_FREEDICT_2026_02_24_A,797,en,minute,Swahili equivalent: dakika,,dakika,n,,both,,,,,,FreeDict,GPL-2.0-or-later (see package COPYING/README),https://freedict.org/downloads/,eng-swh.tei
BATCH_ENSW_FREEDICT_2026_02_24_A,798,en,mirage,Swahili equivalent: sarabi,,sarabi,n,,both,,,,,,FreeDict,GPL-2.0-or-later (see package COPYING/README),https://freedict.org/downloads/,eng-swh.tei
BATCH_ENSW_FREEDICT_2026_02_24_A,799,en,miss,Swahili equivalent: kosa,,kosa,v,,both,,,,,,FreeDict,GPL-2.0-or-later (see package COPYING/README),https://freedict.org/downloads/,eng-swh.tei
BATCH_ENSW_FREEDICT_2026_02_24_A,800,en,mix,Swahili equivalent: changanya,,changanya,v,,both,,,,,,FreeDict,GPL-2.0-or-later (see package COPYING/README),https://freedict.org/downloads/,eng-swh.tei
BATCH_ENSW_FREEDICT_2026_02_24_A,801,en,mixture,Swahili equivalent: mchanganyiko,,mchanganyiko,n,,both,,,,,,FreeDict,GPL-2.0-or-later (see package COPYING/README),https://freedict.org/downloads/,eng-swh.tei
BATCH_ENSW_FREEDICT_2026_02_24_A,802,en,molar,Swahili equivalent: gego,,gego,n,,both,,,,,,FreeDict,GPL-2.0-or-later (see package COPYING/README),https://freedict.org/downloads/,eng-swh.tei
BATCH_ENSW_FREEDICT_2026_02_24_A,803,en,Monday,Swahili equivalent: Jumatatu,,Jumatatu,n,,both,,,,,,FreeDict,GPL-2.0-or-later (see package COPYING/README),https://freedict.org/downloads/,eng-swh.tei
BATCH_ENSW_FREEDICT_2026_02_24_A,804,en,money,Swahili equivalent: fedha,,fedha,n,,both,,,,,,FreeDict,GPL-2.0-or-later (see package COPYING/README),https://freedict.org/downloads/,eng-swh.tei
BATCH_ENSW_FREEDICT_2026_02_24_A,805,en,money,Swahili equivalent: pesa,,pesa,n,,both,,,,,,FreeDict,GPL-2.0-or-later (see package COPYING/README),https://freedict.org/downloads/,eng-swh.tei
BATCH_ENSW_FREEDICT_2026_02_24_A,806,en,money order,Swahili equivalent: hawala,,hawala,n,,both,,,,,,FreeDict,GPL-2.0-or-later (see package COPYING/README),https://freedict.org/downloads/,eng-swh.tei
BATCH_ENSW_FREEDICT_2026_02_24_A,807,en,monkey,Swahili equivalent: tumbili,,tumbili,n,,both,,,,,,FreeDict,GPL-2.0-or-later (see package COPYING/README),https://freedict.org/downloads/,eng-swh.tei
BATCH_ENSW_FREEDICT_2026_02_24_A,808,en,moon,Swahili equivalent: mwezi,,mwezi,n,,both,,,,,,FreeDict,GPL-2.0-or-later (see package COPYING/README),https://freedict.org/downloads/,eng-swh.tei
BATCH_ENSW_FREEDICT_2026_02_24_A,809,en,more,Swahili equivalent: zaidi,,zaidi,adv,,both,,,,,,FreeDict,GPL-2.0-or-later (see package COPYING/README),https://freedict.org/downloads/,eng-swh.tei
BATCH_ENSW_FREEDICT_2026_02_24_A,810,en,morning,Swahili equivalent: asubuhi,,asubuhi,n,,both,,,,,,FreeDict,GPL-2.0-or-later (see package COPYING/README),https://freedict.org/downloads/,eng-swh.tei
BATCH_ENSW_FREEDICT_2026_02_24_A,811,en,mosque,Swahili equivalent: msikiti,,msikiti,n,,both,,,,,,FreeDict,GPL-2.0-or-later (see package COPYING/README),https://freedict.org/downloads/,eng-swh.tei
BATCH_ENSW_FREEDICT_2026_02_24_A,812,en,mosquito,Swahili equivalent: mbu,,mbu,n,,both,,,,,,FreeDict,GPL-2.0-or-later (see package COPYING/README),https://freedict.org/downloads/,eng-swh.tei
BATCH_ENSW_FREEDICT_2026_02_24_A,813,en,mosquito net,Swahili equivalent: chandarua,,chandarua,n,,both,,,,,,FreeDict,GPL-2.0-or-later (see package COPYING/README),https://freedict.org/downloads/,eng-swh.tei
BATCH_ENSW_FREEDICT_2026_02_24_A,814,en,mother,Swahili equivalent: mama,,mama,n,,both,,,,,,FreeDict,GPL-2.0-or-later (see package COPYING/README),https://freedict.org/downloads/,eng-swh.tei
BATCH_ENSW_FREEDICT_2026_02_24_A,815,en,mountain,Swahili equivalent: mlima,,mlima,n,,both,,,,,,FreeDict,GPL-2.0-or-later (see package COPYING/README),https://freedict.org/downloads/,eng-swh.tei
BATCH_ENSW_FREEDICT_2026_02_24_A,816,en,mouth,Swahili equivalent: kinywa,,kinywa,n,,both,,,,,,FreeDict,GPL-2.0-or-later (see package COPYING/README),https://freedict.org/downloads/,eng-swh.tei
BATCH_ENSW_FREEDICT_2026_02_24_A,817,en,move from,Swahili equivalent: hama,,hama,v,,both,,,,,,FreeDict,GPL-2.0-or-later (see package COPYING/README),https://freedict.org/downloads/,eng-swh.tei
BATCH_ENSW_FREEDICT_2026_02_24_A,818,en,move to,Swahili equivalent: hamia,,hamia,v,,both,,,,,,FreeDict,GPL-2.0-or-later (see package COPYING/README),https://freedict.org/downloads/,eng-swh.tei
BATCH_ENSW_FREEDICT_2026_02_24_A,819,en,movies,Swahili equivalent: sinema,,sinema,n,,both,,,,,,FreeDict,GPL-2.0-or-later (see package COPYING/README),https://freedict.org/downloads/,eng-swh.tei
BATCH_ENSW_FREEDICT_2026_02_24_A,820,en,much,Swahili equivalent: ingi,,ingi,adj,,both,,,,,,FreeDict,GPL-2.0-or-later (see package COPYING/README),https://freedict.org/downloads/,eng-swh.tei
BATCH_ENSW_FREEDICT_2026_02_24_A,821,en,mud,Swahili equivalent: tope,,tope,n,,both,,,,,,FreeDict,GPL-2.0-or-later (see package COPYING/README),https://freedict.org/downloads/,eng-swh.tei
BATCH_ENSW_FREEDICT_2026_02_24_A,822,en,multiply,Swahili equivalent: zidisha,,zidisha,v,,both,,,,,,FreeDict,GPL-2.0-or-later (see package COPYING/README),https://freedict.org/downloads/,eng-swh.tei
BATCH_ENSW_FREEDICT_2026_02_24_A,823,en,muscle,Swahili equivalent: musuli,,musuli,n,,both,,,,,,FreeDict,GPL-2.0-or-later (see package COPYING/README),https://freedict.org/downloads/,eng-swh.tei
BATCH_ENSW_FREEDICT_2026_02_24_A,824,en,mushroom,Swahili equivalent: uyoga,,uyoga,n,,both,,,,,,FreeDict,GPL-2.0-or-later (see package COPYING/README),https://freedict.org/downloads/,eng-swh.tei
BATCH_ENSW_FREEDICT_2026_02_24_A,825,en,music,Swahili equivalent: muziki,,muziki,n,,both,,,,,,FreeDict,GPL-2.0-or-later (see package COPYING/README),https://freedict.org/downloads/,eng-swh.tei
BATCH_ENSW_FREEDICT_2026_02_24_A,826,en,my,Swahili equivalent: angu,,angu,adj,,both,,,,,,FreeDict,GPL-2.0-or-later (see package COPYING/README),https://freedict.org/downloads/,eng-swh.tei
BATCH_ENSW_FREEDICT_2026_02_24_A,827,en,nail,Swahili equivalent: msumari,,msumari,n,,both,,,,,,FreeDict,GPL-2.0-or-later (see package COPYING/README),https://freedict.org/downloads/,eng-swh.tei
BATCH_ENSW_FREEDICT_2026_02_24_A,828,en,naked,Swahili equivalent: tupu,,tupu,adj,,both,,,,,,FreeDict,GPL-2.0-or-later (see package COPYING/README),https://freedict.org/downloads/,eng-swh.tei
BATCH_ENSW_FREEDICT_2026_02_24_A,829,en,name,Swahili equivalent: jina,,jina,n,,both,,,,,,FreeDict,GPL-2.0-or-later (see package COPYING/README),https://freedict.org/downloads/,eng-swh.tei
BATCH_ENSW_FREEDICT_2026_02_24_A,830,en,narrow,Swahili equivalent: embamba,,embamba,adj,,both,,,,,,FreeDict,GPL-2.0-or-later (see package COPYING/README),https://freedict.org/downloads/,eng-swh.tei
BATCH_ENSW_FREEDICT_2026_02_24_A,831,en,nation,Swahili equivalent: taifa,,taifa,n,,both,,,,,,FreeDict,GPL-2.0-or-later (see package COPYING/README),https://freedict.org/downloads/,eng-swh.tei
BATCH_ENSW_FREEDICT_2026_02_24_A,832,en,nausea,Swahili equivalent: kichefuchefu,,kichefuchefu,n,,both,,,,,,FreeDict,GPL-2.0-or-later (see package COPYING/README),https://freedict.org/downloads/,eng-swh.tei
BATCH_ENSW_FREEDICT_2026_02_24_A,833,en,near,Swahili equivalent: karibu,,karibu,adv,,both,,,,,,FreeDict,GPL-2.0-or-later (see package COPYING/README),https://freedict.org/downloads/,eng-swh.tei
BATCH_ENSW_FREEDICT_2026_02_24_A,834,en,necessity,Swahili equivalent: lazima,,lazima,n,,both,,,,,,FreeDict,GPL-2.0-or-later (see package COPYING/README),https://freedict.org/downloads/,eng-swh.tei
BATCH_ENSW_FREEDICT_2026_02_24_A,835,en,neck,Swahili equivalent: shingo,,shingo,n,,both,,,,,,FreeDict,GPL-2.0-or-later (see package COPYING/README),https://freedict.org/downloads/,eng-swh.tei
BATCH_ENSW_FREEDICT_2026_02_24_A,836,en,necklace,Swahili equivalent: kidani,,kidani,n,,both,,,,,,FreeDict,GPL-2.0-or-later (see package COPYING/README),https://freedict.org/downloads/,eng-swh.tei
BATCH_ENSW_FREEDICT_2026_02_24_A,837,en,need,Swahili equivalent: hitaji,,hitaji,v,,both,,,,,,FreeDict,GPL-2.0-or-later (see package COPYING/README),https://freedict.org/downloads/,eng-swh.tei
BATCH_ENSW_FREEDICT_2026_02_24_A,838,en,needle,Swahili equivalent: sindano,,sindano,n,,both,,,,,,FreeDict,GPL-2.0-or-later (see package COPYING/README),https://freedict.org/downloads/,eng-swh.tei
BATCH_ENSW_FREEDICT_2026_02_24_A,839,en,nephew,Swahili equivalent: mpwa,,mpwa,n,,both,,,,,,FreeDict,GPL-2.0-or-later (see package COPYING/README),https://freedict.org/downloads/,eng-swh.tei
BATCH_ENSW_FREEDICT_2026_02_24_A,840,en,nest,Swahili equivalent: kiota,,kiota,n,,both,,,,,,FreeDict,GPL-2.0-or-later (see package COPYING/README),https://freedict.org/downloads/,eng-swh.tei
BATCH_ENSW_FREEDICT_2026_02_24_A,841,en,net,Swahili equivalent: wavu,,wavu,n,,both,,,,,,FreeDict,GPL-2.0-or-later (see package COPYING/README),https://freedict.org/downloads/,eng-swh.tei
BATCH_ENSW_FREEDICT_2026_02_24_A,842,en,new,Swahili equivalent: pya,,pya,adj,,both,,,,,,FreeDict,GPL-2.0-or-later (see package COPYING/README),https://freedict.org/downloads/,eng-swh.tei
BATCH_ENSW_FREEDICT_2026_02_24_A,843,en,New Testament,Swahili equivalent: injili,,injili,n,,both,,,,,,FreeDict,GPL-2.0-or-later (see package COPYING/README),https://freedict.org/downloads/,eng-swh.tei
BATCH_ENSW_FREEDICT_2026_02_24_A,844,en,news,Swahili equivalent: habari,,habari,n,,both,,,,,,FreeDict,GPL-2.0-or-later (see package COPYING/README),https://freedict.org/downloads/,eng-swh.tei
BATCH_ENSW_FREEDICT_2026_02_24_A,845,en,newspaper,Swahili equivalent: gazeti,,gazeti,n,,both,,,,,,FreeDict,GPL-2.0-or-later (see package COPYING/README),https://freedict.org/downloads/,eng-swh.tei
BATCH_ENSW_FREEDICT_2026_02_24_A,846,en,niece,Swahili equivalent: mpwa,,mpwa,n,,both,,,,,,FreeDict,GPL-2.0-or-later (see package COPYING/README),https://freedict.org/downloads/,eng-swh.tei
BATCH_ENSW_FREEDICT_2026_02_24_A,847,en,night,Swahili equivalent: usiku,,usiku,n,,both,,,,,,FreeDict,GPL-2.0-or-later (see package COPYING/README),https://freedict.org/downloads/,eng-swh.tei
BATCH_ENSW_FREEDICT_2026_02_24_A,848,en,nine,Swahili equivalent: tisa,,tisa,num,,both,,,,,,FreeDict,GPL-2.0-or-later (see package COPYING/README),https://freedict.org/downloads/,eng-swh.tei
BATCH_ENSW_FREEDICT_2026_02_24_A,849,en,ninety,Swahili equivalent: tisini,,tisini,num,,both,,,,,,FreeDict,GPL-2.0-or-later (see package COPYING/README),https://freedict.org/downloads/,eng-swh.tei
BATCH_ENSW_FREEDICT_2026_02_24_A,850,en,no,Swahili equivalent: la,,la,interj,,both,,,,,,FreeDict,GPL-2.0-or-later (see package COPYING/README),https://freedict.org/downloads/,eng-swh.tei
BATCH_ENSW_FREEDICT_2026_02_24_A,851,en,no,Swahili equivalent: siyo,,siyo,adv,,both,,,,,,FreeDict,GPL-2.0-or-later (see package COPYING/README),https://freedict.org/downloads/,eng-swh.tei
BATCH_ENSW_FREEDICT_2026_02_24_A,852,en,north,Swahili equivalent: kaskazini,,kaskazini,n,,both,,,,,,FreeDict,GPL-2.0-or-later (see package COPYING/README),https://freedict.org/downloads/,eng-swh.tei
BATCH_ENSW_FREEDICT_2026_02_24_A,853,en,nose,Swahili equivalent: pua,,pua,n,,both,,,,,,FreeDict,GPL-2.0-or-later (see package COPYING/README),https://freedict.org/downloads/,eng-swh.tei
BATCH_ENSW_FREEDICT_2026_02_24_A,854,en,not,Swahili equivalent: si,,si,adv,,both,,,,,,FreeDict,GPL-2.0-or-later (see package COPYING/README),https://freedict.org/downloads/,eng-swh.tei
BATCH_ENSW_FREEDICT_2026_02_24_A,855,en,not at all,Swahili equivalent: kamwe,,kamwe,adv,,both,,,,,,FreeDict,GPL-2.0-or-later (see package COPYING/README),https://freedict.org/downloads/,eng-swh.tei
BATCH_ENSW_FREEDICT_2026_02_24_A,856,en,not inside,Swahili equivalent: hamna,,hamna,irrv,,both,,,,,,FreeDict,GPL-2.0-or-later (see package COPYING/README),https://freedict.org/downloads/,eng-swh.tei
BATCH_ENSW_FREEDICT_2026_02_24_A,857,en,not only,Swahili equivalent: licha,,licha,prep,,both,,,,,,FreeDict,GPL-2.0-or-later (see package COPYING/README),https://freedict.org/downloads/,eng-swh.tei
BATCH_ENSW_FREEDICT_2026_02_24_A,858,en,not so,Swahili equivalent: siyo,,siyo,adv,,both,,,,,,FreeDict,GPL-2.0-or-later (see package COPYING/README),https://freedict.org/downloads/,eng-swh.tei
BATCH_ENSW_FREEDICT_2026_02_24_A,859,en,not yet,Swahili equivalent: bado,,bado,adv,,both,,,,,,FreeDict,GPL-2.0-or-later (see package COPYING/README),https://freedict.org/downloads/,eng-swh.tei
BATCH_ENSW_FREEDICT_2026_02_24_A,860,en,notebook,Swahili equivalent: daftari,,daftari,n,,both,,,,,,FreeDict,GPL-2.0-or-later (see package COPYING/README),https://freedict.org/downloads/,eng-swh.tei
BATCH_ENSW_FREEDICT_2026_02_24_A,861,en,November,Swahili equivalent: Novemba,,Novemba,n,,both,,,,,,FreeDict,GPL-2.0-or-later (see package COPYING/README),https://freedict.org/downloads/,eng-swh.tei
BATCH_ENSW_FREEDICT_2026_02_24_A,862,en,now,Swahili equivalent: sasa,,sasa,adv,,both,,,,,,FreeDict,GPL-2.0-or-later (see package COPYING/README),https://freedict.org/downloads/,eng-swh.tei
BATCH_ENSW_FREEDICT_2026_02_24_A,863,en,number,Swahili equivalent: hesabu,,hesabu,n,,both,,,,,,FreeDict,GPL-2.0-or-later (see package COPYING/README),https://freedict.org/downloads/,eng-swh.tei
BATCH_ENSW_FREEDICT_2026_02_24_A,864,en,number,Swahili equivalent: nambari,,nambari,n,,both,,,,,,FreeDict,GPL-2.0-or-later (see package COPYING/README),https://freedict.org/downloads/,eng-swh.tei
BATCH_ENSW_FREEDICT_2026_02_24_A,865,en,oblige,Swahili equivalent: bidi,,bidi,v,,both,,,,,,FreeDict,GPL-2.0-or-later (see package COPYING/README),https://freedict.org/downloads/,eng-swh.tei
BATCH_ENSW_FREEDICT_2026_02_24_A,866,en,October,Swahili equivalent: Oktoba,,Oktoba,n,,both,,,,,,FreeDict,GPL-2.0-or-later (see package COPYING/README),https://freedict.org/downloads/,eng-swh.tei
BATCH_ENSW_FREEDICT_2026_02_24_A,867,en,of,Swahili equivalent: a,,a,prep,,both,,,,,,FreeDict,GPL-2.0-or-later (see package COPYING/README),https://freedict.org/downloads/,eng-swh.tei
BATCH_ENSW_FREEDICT_2026_02_24_A,868,en,offend,Swahili equivalent: chukiza,,chukiza,v,,both,,,,,,FreeDict,GPL-2.0-or-later (see package COPYING/README),https://freedict.org/downloads/,eng-swh.tei
BATCH_ENSW_FREEDICT_2026_02_24_A,869,en,office,Swahili equivalent: ofisi,,ofisi,n,,both,,,,,,FreeDict,GPL-2.0-or-later (see package COPYING/README),https://freedict.org/downloads/,eng-swh.tei
BATCH_ENSW_FREEDICT_2026_02_24_A,870,en,officer,Swahili equivalent: afisa,,afisa,n,,both,,,,,,FreeDict,GPL-2.0-or-later (see package COPYING/README),https://freedict.org/downloads/,eng-swh.tei
BATCH_ENSW_FREEDICT_2026_02_24_A,871,en,official,Swahili equivalent: rasmi,,rasmi,adj,,both,,,,,,FreeDict,GPL-2.0-or-later (see package COPYING/README),https://freedict.org/downloads/,eng-swh.tei
BATCH_ENSW_FREEDICT_2026_02_24_A,872,en,oil,Swahili equivalent: mafuta,,mafuta,n,,both,,,,,,FreeDict,GPL-2.0-or-later (see package COPYING/README),https://freedict.org/downloads/,eng-swh.tei
BATCH_ENSW_FREEDICT_2026_02_24_A,873,en,ointment,Swahili equivalent: marhamu,,marhamu,n,,both,,,,,,FreeDict,GPL-2.0-or-later (see package COPYING/README),https://freedict.org/downloads/,eng-swh.tei
BATCH_ENSW_FREEDICT_2026_02_24_A,874,en,okra,Swahili equivalent: bamia,,bamia,n,,both,,,,,,FreeDict,GPL-2.0-or-later (see package COPYING/README),https://freedict.org/downloads/,eng-swh.tei
BATCH_ENSW_FREEDICT_2026_02_24_A,875,en,old,Swahili equivalent: kukuu,,kukuu,adj,,both,,,,,,FreeDict,GPL-2.0-or-later (see package COPYING/README),https://freedict.org/downloads/,eng-swh.tei
BATCH_ENSW_FREEDICT_2026_02_24_A,876,en,old times,Swahili equivalent: kale,,kale,n,,both,,,,,,FreeDict,GPL-2.0-or-later (see package COPYING/README),https://freedict.org/downloads/,eng-swh.tei
BATCH_ENSW_FREEDICT_2026_02_24_A,877,en,one,Swahili equivalent: moja,,moja,num,,both,,,,,,FreeDict,GPL-2.0-or-later (see package COPYING/README),https://freedict.org/downloads/,eng-swh.tei
BATCH_ENSW_FREEDICT_2026_02_24_A,878,en,one who sews,Swahili equivalent: mshonaji,,mshonaji,n,,both,,,,,,FreeDict,GPL-2.0-or-later (see package COPYING/README),https://freedict.org/downloads/,eng-swh.tei
BATCH_ENSW_FREEDICT_2026_02_24_A,879,en,onion,Swahili equivalent: kitunguu,,kitunguu,n,,both,,,,,,FreeDict,GPL-2.0-or-later (see package COPYING/README),https://freedict.org/downloads/,eng-swh.tei
BATCH_ENSW_FREEDICT_2026_02_24_A,880,en,only,Swahili equivalent: tu,,tu,adv,,both,,,,,,FreeDict,GPL-2.0-or-later (see package COPYING/README),https://freedict.org/downloads/,eng-swh.tei
BATCH_ENSW_FREEDICT_2026_02_24_A,881,en,open,Swahili equivalent: fumbua,,fumbua,v,,both,,,,,,FreeDict,GPL-2.0-or-later (see package COPYING/README),https://freedict.org/downloads/,eng-swh.tei
BATCH_ENSW_FREEDICT_2026_02_24_A,882,en,open,Swahili equivalent: wazi,,wazi,adj,,both,,,,,,FreeDict,GPL-2.0-or-later (see package COPYING/README),https://freedict.org/downloads/,eng-swh.tei
BATCH_ENSW_FREEDICT_2026_02_24_A,883,en,opportunity,Swahili equivalent: nafasi,,nafasi,n,,both,,,,,,FreeDict,GPL-2.0-or-later (see package COPYING/README),https://freedict.org/downloads/,eng-swh.tei
BATCH_ENSW_FREEDICT_2026_02_24_A,884,en,or,Swahili equivalent: ama,,ama,conj,,both,,,,,,FreeDict,GPL-2.0-or-later (see package COPYING/README),https://freedict.org/downloads/,eng-swh.tei
BATCH_ENSW_FREEDICT_2026_02_24_A,885,en,or,Swahili equivalent: au,,au,conj,,both,,,,,,FreeDict,GPL-2.0-or-later (see package COPYING/README),https://freedict.org/downloads/,eng-swh.tei
BATCH_ENSW_FREEDICT_2026_02_24_A,886,en,orange,Swahili equivalent: chungwa,,chungwa,n,,both,,,,,,FreeDict,GPL-2.0-or-later (see package COPYING/README),https://freedict.org/downloads/,eng-swh.tei
BATCH_ENSW_FREEDICT_2026_02_24_A,887,en,orange tree,Swahili equivalent: mchungwa,,mchungwa,n,,both,,,,,,FreeDict,GPL-2.0-or-later (see package COPYING/README),https://freedict.org/downloads/,eng-swh.tei
BATCH_ENSW_FREEDICT_2026_02_24_A,888,en,orator,Swahili equivalent: msemaji,,msemaji,n,,both,,,,,,FreeDict,GPL-2.0-or-later (see package COPYING/README),https://freedict.org/downloads/,eng-swh.tei
BATCH_ENSW_FREEDICT_2026_02_24_A,889,en,order,Swahili equivalent: agiza,,agiza,v,,both,,,,,,FreeDict,GPL-2.0-or-later (see package COPYING/README),https://freedict.org/downloads/,eng-swh.tei
BATCH_ENSW_FREEDICT_2026_02_24_A,890,en,order for,Swahili equivalent: agizia,,agizia,v,,both,,,,,,FreeDict,GPL-2.0-or-later (see package COPYING/README),https://freedict.org/downloads/,eng-swh.tei
BATCH_ENSW_FREEDICT_2026_02_24_A,891,en,ornament,Swahili equivalent: pambo,,pambo,n,,both,,,,,,FreeDict,GPL-2.0-or-later (see package COPYING/README),https://freedict.org/downloads/,eng-swh.tei
BATCH_ENSW_FREEDICT_2026_02_24_A,892,en,ornamentation,Swahili equivalent: nakshi,,nakshi,n,,both,,,,,,FreeDict,GPL-2.0-or-later (see package COPYING/README),https://freedict.org/downloads/,eng-swh.tei
BATCH_ENSW_FREEDICT_2026_02_24_A,893,en,other,Swahili equivalent: ingine,,ingine,adj,,both,,,,,,FreeDict,GPL-2.0-or-later (see package COPYING/README),https://freedict.org/downloads/,eng-swh.tei
BATCH_ENSW_FREEDICT_2026_02_24_A,894,en,our,Swahili equivalent: etu,,etu,adj,,both,,,,,,FreeDict,GPL-2.0-or-later (see package COPYING/README),https://freedict.org/downloads/,eng-swh.tei
BATCH_ENSW_FREEDICT_2026_02_24_A,895,en,outside,Swahili equivalent: nje,,nje,adv,,both,,,,,,FreeDict,GPL-2.0-or-later (see package COPYING/README),https://freedict.org/downloads/,eng-swh.tei
BATCH_ENSW_FREEDICT_2026_02_24_A,896,en,overcome,Swahili equivalent: shinda,,shinda,v,,both,,,,,,FreeDict,GPL-2.0-or-later (see package COPYING/README),https://freedict.org/downloads/,eng-swh.tei
BATCH_ENSW_FREEDICT_2026_02_24_A,897,en,overseer,Swahili equivalent: msimamizi,,msimamizi,n,,both,,,,,,FreeDict,GPL-2.0-or-later (see package COPYING/README),https://freedict.org/downloads/,eng-swh.tei
BATCH_ENSW_FREEDICT_2026_02_24_A,898,en,owner,Swahili equivalent: mwenye,,mwenye,n,,both,,,,,,FreeDict,GPL-2.0-or-later (see package COPYING/README),https://freedict.org/downloads/,eng-swh.tei
BATCH_ENSW_FREEDICT_2026_02_24_A,899,en,owner,Swahili equivalent: mwenyewe,,mwenyewe,n,,both,,,,,,FreeDict,GPL-2.0-or-later (see package COPYING/README),https://freedict.org/downloads/,eng-swh.tei
BATCH_ENSW_FREEDICT_2026_02_24_A,900,en,oyster,Swahili equivalent: chaza,,chaza,n,,both,,,,,,FreeDict,GPL-2.0-or-later (see package COPYING/README),https://freedict.org/downloads/,eng-swh.tei
BATCH_ENSW_FREEDICT_2026_02_24_A,901,en,pacify,Swahili equivalent: tuliza,,tuliza,v,,both,,,,,,FreeDict,GPL-2.0-or-later (see package COPYING/README),https://freedict.org/downloads/,eng-swh.tei
BATCH_ENSW_FREEDICT_2026_02_24_A,902,en,package,Swahili equivalent: kifurushi,,kifurushi,n,,both,,,,,,FreeDict,GPL-2.0-or-later (see package COPYING/README),https://freedict.org/downloads/,eng-swh.tei
BATCH_ENSW_FREEDICT_2026_02_24_A,903,en,page,Swahili equivalent: ukurasa,,ukurasa,n,,both,,,,,,FreeDict,GPL-2.0-or-later (see package COPYING/README),https://freedict.org/downloads/,eng-swh.tei
BATCH_ENSW_FREEDICT_2026_02_24_A,904,en,pail,Swahili equivalent: ndoo,,ndoo,n,,both,,,,,,FreeDict,GPL-2.0-or-later (see package COPYING/README),https://freedict.org/downloads/,eng-swh.tei
BATCH_ENSW_FREEDICT_2026_02_24_A,905,en,pain,Swahili equivalent: umivu,,umivu,n,,both,,,,,,FreeDict,GPL-2.0-or-later (see package COPYING/README),https://freedict.org/downloads/,eng-swh.tei
BATCH_ENSW_FREEDICT_2026_02_24_A,906,en,pair,Swahili equivalent: jozi,,jozi,n,,both,,,,,,FreeDict,GPL-2.0-or-later (see package COPYING/README),https://freedict.org/downloads/,eng-swh.tei
BATCH_ENSW_FREEDICT_2026_02_24_A,907,en,palm,Swahili equivalent: kofi,,kofi,n,,both,,,,,,FreeDict,GPL-2.0-or-later (see package COPYING/README),https://freedict.org/downloads/,eng-swh.tei
BATCH_ENSW_FREEDICT_2026_02_24_A,908,en,pants,Swahili equivalent: suruali,,suruali,n,,both,,,,,,FreeDict,GPL-2.0-or-later (see package COPYING/README),https://freedict.org/downloads/,eng-swh.tei
BATCH_ENSW_FREEDICT_2026_02_24_A,909,en,papaya,Swahili equivalent: papai,,papai,n,,both,,,,,,FreeDict,GPL-2.0-or-later (see package COPYING/README),https://freedict.org/downloads/,eng-swh.tei
BATCH_ENSW_FREEDICT_2026_02_24_A,910,en,paper,Swahili equivalent: karatasi,,karatasi,n,,both,,,,,,FreeDict,GPL-2.0-or-later (see package COPYING/README),https://freedict.org/downloads/,eng-swh.tei
BATCH_ENSW_FREEDICT_2026_02_24_A,911,en,paradise,Swahili equivalent: peponi,,peponi,n,,both,,,,,,FreeDict,GPL-2.0-or-later (see package COPYING/README),https://freedict.org/downloads/,eng-swh.tei
BATCH_ENSW_FREEDICT_2026_02_24_A,912,en,parent,Swahili equivalent: mzazi,,mzazi,n,,both,,,,,,FreeDict,GPL-2.0-or-later (see package COPYING/README),https://freedict.org/downloads/,eng-swh.tei
BATCH_ENSW_FREEDICT_2026_02_24_A,913,en,park,Swahili equivalent: egesha,,egesha,v,,both,,,,,,FreeDict,GPL-2.0-or-later (see package COPYING/README),https://freedict.org/downloads/,eng-swh.tei
BATCH_ENSW_FREEDICT_2026_02_24_A,914,en,part,Swahili equivalent: sehemu,,sehemu,n,,both,,,,,,FreeDict,GPL-2.0-or-later (see package COPYING/README),https://freedict.org/downloads/,eng-swh.tei
BATCH_ENSW_FREEDICT_2026_02_24_A,915,en,pass,Swahili equivalent: pita,,pita,v,,both,,,,,,FreeDict,GPL-2.0-or-later (see package COPYING/README),https://freedict.org/downloads/,eng-swh.tei
BATCH_ENSW_FREEDICT_2026_02_24_A,916,en,pass by,Swahili equivalent: pitia,,pitia,v,,both,,,,,,FreeDict,GPL-2.0-or-later (see package COPYING/README),https://freedict.org/downloads/,eng-swh.tei
BATCH_ENSW_FREEDICT_2026_02_24_A,917,en,passenger,Swahili equivalent: abiria,,abiria,n,,both,,,,,,FreeDict,GPL-2.0-or-later (see package COPYING/README),https://freedict.org/downloads/,eng-swh.tei
BATCH_ENSW_FREEDICT_2026_02_24_A,918,en,paste,Swahili equivalent: gundi,,gundi,n,,both,,,,,,FreeDict,GPL-2.0-or-later (see package COPYING/README),https://freedict.org/downloads/,eng-swh.tei
BATCH_ENSW_FREEDICT_2026_02_24_A,919,en,pay,Swahili equivalent: lipa,,lipa,v,,both,,,,,,FreeDict,GPL-2.0-or-later (see package COPYING/README),https://freedict.org/downloads/,eng-swh.tei
BATCH_ENSW_FREEDICT_2026_02_24_A,920,en,payment,Swahili equivalent: lipo,,lipo,n,,both,,,,,,FreeDict,GPL-2.0-or-later (see package COPYING/README),https://freedict.org/downloads/,eng-swh.tei
BATCH_ENSW_FREEDICT_2026_02_24_A,921,en,peace,Swahili equivalent: amani,,amani,n,,both,,,,,,FreeDict,GPL-2.0-or-later (see package COPYING/README),https://freedict.org/downloads/,eng-swh.tei
BATCH_ENSW_FREEDICT_2026_02_24_A,922,en,pen,Swahili equivalent: kalamu,,kalamu,n,,both,,,,,,FreeDict,GPL-2.0-or-later (see package COPYING/README),https://freedict.org/downloads/,eng-swh.tei
BATCH_ENSW_FREEDICT_2026_02_24_A,923,en,pencil,Swahili equivalent: kalamu,,kalamu,n,,both,,,,,,FreeDict,GPL-2.0-or-later (see package COPYING/README),https://freedict.org/downloads/,eng-swh.tei
BATCH_ENSW_FREEDICT_2026_02_24_A,924,en,penknife,Swahili equivalent: kijembe,,kijembe,n,,both,,,,,,FreeDict,GPL-2.0-or-later (see package COPYING/README),https://freedict.org/downloads/,eng-swh.tei
BATCH_ENSW_FREEDICT_2026_02_24_A,925,en,pepper,Swahili equivalent: pilipili,,pilipili,n,,both,,,,,,FreeDict,GPL-2.0-or-later (see package COPYING/README),https://freedict.org/downloads/,eng-swh.tei
BATCH_ENSW_FREEDICT_2026_02_24_A,926,en,peppermint,Swahili equivalent: peremende,,peremende,n,,both,,,,,,FreeDict,GPL-2.0-or-later (see package COPYING/README),https://freedict.org/downloads/,eng-swh.tei
BATCH_ENSW_FREEDICT_2026_02_24_A,927,en,perhaps,Swahili equivalent: huenda,,huenda,adv,,both,,,,,,FreeDict,GPL-2.0-or-later (see package COPYING/README),https://freedict.org/downloads/,eng-swh.tei
BATCH_ENSW_FREEDICT_2026_02_24_A,928,en,perhaps,Swahili equivalent: labda,,labda,adv,,both,,,,,,FreeDict,GPL-2.0-or-later (see package COPYING/README),https://freedict.org/downloads/,eng-swh.tei
BATCH_ENSW_FREEDICT_2026_02_24_A,929,en,period,Swahili equivalent: kipindi,,kipindi,n,,both,,,,,,FreeDict,GPL-2.0-or-later (see package COPYING/README),https://freedict.org/downloads/,eng-swh.tei
BATCH_ENSW_FREEDICT_2026_02_24_A,930,en,period of time,Swahili equivalent: muda,,muda,n,,both,,,,,,FreeDict,GPL-2.0-or-later (see package COPYING/README),https://freedict.org/downloads/,eng-swh.tei
BATCH_ENSW_FREEDICT_2026_02_24_A,931,en,permission,Swahili equivalent: ruhusa,,ruhusa,n,,both,,,,,,FreeDict,GPL-2.0-or-later (see package COPYING/README),https://freedict.org/downloads/,eng-swh.tei
BATCH_ENSW_FREEDICT_2026_02_24_A,932,en,permit,Swahili equivalent: ruhusu,,ruhusu,v,,both,,,,,,FreeDict,GPL-2.0-or-later (see package COPYING/README),https://freedict.org/downloads/,eng-swh.tei
BATCH_ENSW_FREEDICT_2026_02_24_A,933,en,person,Swahili equivalent: mtu,,mtu,n,,both,,,,,,FreeDict,GPL-2.0-or-later (see package COPYING/README),https://freedict.org/downloads/,eng-swh.tei
BATCH_ENSW_FREEDICT_2026_02_24_A,934,en,phonograph,Swahili equivalent: santuri,,santuri,n,,both,,,,,,FreeDict,GPL-2.0-or-later (see package COPYING/README),https://freedict.org/downloads/,eng-swh.tei
BATCH_ENSW_FREEDICT_2026_02_24_A,935,en,picture,Swahili equivalent: picha,,picha,n,,both,,,,,,FreeDict,GPL-2.0-or-later (see package COPYING/README),https://freedict.org/downloads/,eng-swh.tei
BATCH_ENSW_FREEDICT_2026_02_24_A,936,en,piece,Swahili equivalent: kipande,,kipande,n,,both,,,,,,FreeDict,GPL-2.0-or-later (see package COPYING/README),https://freedict.org/downloads/,eng-swh.tei
BATCH_ENSW_FREEDICT_2026_02_24_A,937,en,pier,Swahili equivalent: gati,,gati,n,,both,,,,,,FreeDict,GPL-2.0-or-later (see package COPYING/README),https://freedict.org/downloads/,eng-swh.tei
BATCH_ENSW_FREEDICT_2026_02_24_A,938,en,pig,Swahili equivalent: nguruwe,,nguruwe,n,,both,,,,,,FreeDict,GPL-2.0-or-later (see package COPYING/README),https://freedict.org/downloads/,eng-swh.tei
BATCH_ENSW_FREEDICT_2026_02_24_A,939,en,pigeon,Swahili equivalent: njiwa,,njiwa,n,,both,,,,,,FreeDict,GPL-2.0-or-later (see package COPYING/README),https://freedict.org/downloads/,eng-swh.tei
BATCH_ENSW_FREEDICT_2026_02_24_A,940,en,pill,Swahili equivalent: kidonge,,kidonge,n,,both,,,,,,FreeDict,GPL-2.0-or-later (see package COPYING/README),https://freedict.org/downloads/,eng-swh.tei
BATCH_ENSW_FREEDICT_2026_02_24_A,941,en,pillar,Swahili equivalent: nguzo,,nguzo,n,,both,,,,,,FreeDict,GPL-2.0-or-later (see package COPYING/README),https://freedict.org/downloads/,eng-swh.tei
BATCH_ENSW_FREEDICT_2026_02_24_A,942,en,pillow case,Swahili equivalent: foronya,,foronya,n,,both,,,,,,FreeDict,GPL-2.0-or-later (see package COPYING/README),https://freedict.org/downloads/,eng-swh.tei
BATCH_ENSW_FREEDICT_2026_02_24_A,943,en,pineapple,Swahili equivalent: nanasi,,nanasi,n,,both,,,,,,FreeDict,GPL-2.0-or-later (see package COPYING/README),https://freedict.org/downloads/,eng-swh.tei
BATCH_ENSW_FREEDICT_2026_02_24_A,944,en,pint,Swahili equivalent: kibaba,,kibaba,n,,both,,,,,,FreeDict,GPL-2.0-or-later (see package COPYING/README),https://freedict.org/downloads/,eng-swh.tei
BATCH_ENSW_FREEDICT_2026_02_24_A,945,en,pipe,Swahili equivalent: kiko,,kiko,n,,both,,,,,,FreeDict,GPL-2.0-or-later (see package COPYING/README),https://freedict.org/downloads/,eng-swh.tei
BATCH_ENSW_FREEDICT_2026_02_24_A,946,en,pit,Swahili equivalent: shimo,,shimo,n,,both,,,,,,FreeDict,GPL-2.0-or-later (see package COPYING/README),https://freedict.org/downloads/,eng-swh.tei
BATCH_ENSW_FREEDICT_2026_02_24_A,947,en,place,Swahili equivalent: mahali,,mahali,n,,both,,,,,,FreeDict,GPL-2.0-or-later (see package COPYING/README),https://freedict.org/downloads/,eng-swh.tei
BATCH_ENSW_FREEDICT_2026_02_24_A,948,en,plague,Swahili equivalent: tauni,,tauni,n,,both,,,,,,FreeDict,GPL-2.0-or-later (see package COPYING/README),https://freedict.org/downloads/,eng-swh.tei
BATCH_ENSW_FREEDICT_2026_02_24_A,949,en,plaited mat,Swahili equivalent: mkeka,,mkeka,n,,both,,,,,,FreeDict,GPL-2.0-or-later (see package COPYING/README),https://freedict.org/downloads/,eng-swh.tei
BATCH_ENSW_FREEDICT_2026_02_24_A,950,en,planet,Swahili equivalent: sayari,,sayari,n,,both,,,,,,FreeDict,GPL-2.0-or-later (see package COPYING/README),https://freedict.org/downloads/,eng-swh.tei
BATCH_ENSW_FREEDICT_2026_02_24_A,951,en,plank,Swahili equivalent: ubao,,ubao,n,,both,,,,,,FreeDict,GPL-2.0-or-later (see package COPYING/README),https://freedict.org/downloads/,eng-swh.tei
BATCH_ENSW_FREEDICT_2026_02_24_A,952,en,plate,Swahili equivalent: sahani,,sahani,n,,both,,,,,,FreeDict,GPL-2.0-or-later (see package COPYING/README),https://freedict.org/downloads/,eng-swh.tei
BATCH_ENSW_FREEDICT_2026_02_24_A,953,en,play,Swahili equivalent: cheza,,cheza,v,,both,,,,,,FreeDict,GPL-2.0-or-later (see package COPYING/README),https://freedict.org/downloads/,eng-swh.tei
BATCH_ENSW_FREEDICT_2026_02_24_A,954,en,play at,Swahili equivalent: chezacheza,,chezacheza,v,,both,,,,,,FreeDict,GPL-2.0-or-later (see package COPYING/README),https://freedict.org/downloads/,eng-swh.tei
BATCH_ENSW_FREEDICT_2026_02_24_A,955,en,playing cards,Swahili equivalent: karata,,karata,n,,both,,,,,,FreeDict,GPL-2.0-or-later (see package COPYING/README),https://freedict.org/downloads/,eng-swh.tei
BATCH_ENSW_FREEDICT_2026_02_24_A,956,en,please,Swahili equivalent: pendeza,,pendeza,v,,both,,,,,,FreeDict,GPL-2.0-or-later (see package COPYING/README),https://freedict.org/downloads/,eng-swh.tei
BATCH_ENSW_FREEDICT_2026_02_24_A,957,en,please,Swahili equivalent: tafadhali,,tafadhali,adv,,both,,,,,,FreeDict,GPL-2.0-or-later (see package COPYING/README),https://freedict.org/downloads/,eng-swh.tei
BATCH_ENSW_FREEDICT_2026_02_24_A,958,en,plot,Swahili equivalent: kiwanja,,kiwanja,n,,both,,,,,,FreeDict,GPL-2.0-or-later (see package COPYING/README),https://freedict.org/downloads/,eng-swh.tei
BATCH_ENSW_FREEDICT_2026_02_24_A,959,en,poor,Swahili equivalent: maskini,,maskini,adj,,both,,,,,,FreeDict,GPL-2.0-or-later (see package COPYING/README),https://freedict.org/downloads/,eng-swh.tei
BATCH_ENSW_FREEDICT_2026_02_24_A,960,en,poor quality,Swahili equivalent: hafifu,,hafifu,adj,,both,,,,,,FreeDict,GPL-2.0-or-later (see package COPYING/README),https://freedict.org/downloads/,eng-swh.tei
BATCH_ENSW_FREEDICT_2026_02_24_A,961,en,port,Swahili equivalent: bandari,,bandari,n,,both,,,,,,FreeDict,GPL-2.0-or-later (see package COPYING/README),https://freedict.org/downloads/,eng-swh.tei
BATCH_ENSW_FREEDICT_2026_02_24_A,962,en,porter,Swahili equivalent: mchukuzi,,mchukuzi,n,,both,,,,,,FreeDict,GPL-2.0-or-later (see package COPYING/README),https://freedict.org/downloads/,eng-swh.tei
BATCH_ENSW_FREEDICT_2026_02_24_A,963,en,possessions,Swahili equivalent: mali,,mali,n,,both,,,,,,FreeDict,GPL-2.0-or-later (see package COPYING/README),https://freedict.org/downloads/,eng-swh.tei
BATCH_ENSW_FREEDICT_2026_02_24_A,964,en,post,Swahili equivalent: posta,,posta,n,,both,,,,,,FreeDict,GPL-2.0-or-later (see package COPYING/README),https://freedict.org/downloads/,eng-swh.tei
BATCH_ENSW_FREEDICT_2026_02_24_A,965,en,potato,Swahili equivalent: kiazi,,kiazi,n,,both,,,,,,FreeDict,GPL-2.0-or-later (see package COPYING/README),https://freedict.org/downloads/,eng-swh.tei
BATCH_ENSW_FREEDICT_2026_02_24_A,966,en,pound,Swahili equivalent: ratli,,ratli,n,,both,,,,,,FreeDict,GPL-2.0-or-later (see package COPYING/README),https://freedict.org/downloads/,eng-swh.tei
BATCH_ENSW_FREEDICT_2026_02_24_A,967,en,pray,Swahili equivalent: sali,,sali,v,,both,,,,,,FreeDict,GPL-2.0-or-later (see package COPYING/README),https://freedict.org/downloads/,eng-swh.tei
BATCH_ENSW_FREEDICT_2026_02_24_A,968,en,prayer,Swahili equivalent: sala,,sala,n,,both,,,,,,FreeDict,GPL-2.0-or-later (see package COPYING/README),https://freedict.org/downloads/,eng-swh.tei
BATCH_ENSW_FREEDICT_2026_02_24_A,969,en,precede,Swahili equivalent: tangulia,,tangulia,v,,both,,,,,,FreeDict,GPL-2.0-or-later (see package COPYING/README),https://freedict.org/downloads/,eng-swh.tei
BATCH_ENSW_FREEDICT_2026_02_24_A,970,en,prefer,Swahili equivalent: hiari,,hiari,v,,both,,,,,,FreeDict,GPL-2.0-or-later (see package COPYING/README),https://freedict.org/downloads/,eng-swh.tei
BATCH_ENSW_FREEDICT_2026_02_24_A,971,en,prepare for,Swahili equivalent: tayarishia,,tayarishia,v,,both,,,,,,FreeDict,GPL-2.0-or-later (see package COPYING/README),https://freedict.org/downloads/,eng-swh.tei
BATCH_ENSW_FREEDICT_2026_02_24_A,972,en,present,Swahili equivalent: zawadi,,zawadi,n,,both,,,,,,FreeDict,GPL-2.0-or-later (see package COPYING/README),https://freedict.org/downloads/,eng-swh.tei
BATCH_ENSW_FREEDICT_2026_02_24_A,973,en,press upon,Swahili equivalent: lemea,,lemea,v,,both,,,,,,FreeDict,GPL-2.0-or-later (see package COPYING/README),https://freedict.org/downloads/,eng-swh.tei
BATCH_ENSW_FREEDICT_2026_02_24_A,974,en,price,Swahili equivalent: bei,,bei,n,,both,,,,,,FreeDict,GPL-2.0-or-later (see package COPYING/README),https://freedict.org/downloads/,eng-swh.tei
BATCH_ENSW_FREEDICT_2026_02_24_A,975,en,priest,Swahili equivalent: kahini,,kahini,n,,both,,,,,,FreeDict,GPL-2.0-or-later (see package COPYING/README),https://freedict.org/downloads/,eng-swh.tei
BATCH_ENSW_FREEDICT_2026_02_24_A,976,en,proclaim,Swahili equivalent: tangaza,,tangaza,v,,both,,,,,,FreeDict,GPL-2.0-or-later (see package COPYING/README),https://freedict.org/downloads/,eng-swh.tei
BATCH_ENSW_FREEDICT_2026_02_24_A,977,en,produce,Swahili equivalent: zao,,zao,n,,both,,,,,,FreeDict,GPL-2.0-or-later (see package COPYING/README),https://freedict.org/downloads/,eng-swh.tei
BATCH_ENSW_FREEDICT_2026_02_24_A,978,en,profit,Swahili equivalent: faida,,faida,n,,both,,,,,,FreeDict,GPL-2.0-or-later (see package COPYING/README),https://freedict.org/downloads/,eng-swh.tei
BATCH_ENSW_FREEDICT_2026_02_24_A,979,en,program,Swahili equivalent: utaratibu,,utaratibu,n,,both,,,,,,FreeDict,GPL-2.0-or-later (see package COPYING/README),https://freedict.org/downloads/,eng-swh.tei
BATCH_ENSW_FREEDICT_2026_02_24_A,980,en,progress,Swahili equivalent: maendeleo,,maendeleo,n,,both,,,,,,FreeDict,GPL-2.0-or-later (see package COPYING/README),https://freedict.org/downloads/,eng-swh.tei
BATCH_ENSW_FREEDICT_2026_02_24_A,981,en,prohibition,Swahili equivalent: marufuku,,marufuku,n,,both,,,,,,FreeDict,GPL-2.0-or-later (see package COPYING/README),https://freedict.org/downloads/,eng-swh.tei
BATCH_ENSW_FREEDICT_2026_02_24_A,982,en,prophet,Swahili equivalent: mtume,,mtume,n,,both,,,,,,FreeDict,GPL-2.0-or-later (see package COPYING/README),https://freedict.org/downloads/,eng-swh.tei
BATCH_ENSW_FREEDICT_2026_02_24_A,983,en,prophet,Swahili equivalent: nabii,,nabii,n,,both,,,,,,FreeDict,GPL-2.0-or-later (see package COPYING/README),https://freedict.org/downloads/,eng-swh.tei
BATCH_ENSW_FREEDICT_2026_02_24_A,984,en,pull,Swahili equivalent: vuta,,vuta,v,,both,,,,,,FreeDict,GPL-2.0-or-later (see package COPYING/README),https://freedict.org/downloads/,eng-swh.tei
BATCH_ENSW_FREEDICT_2026_02_24_A,985,en,pump,Swahili equivalent: bomba,,bomba,n,,both,,,,,,FreeDict,GPL-2.0-or-later (see package COPYING/README),https://freedict.org/downloads/,eng-swh.tei
BATCH_ENSW_FREEDICT_2026_02_24_A,986,en,pupil,Swahili equivalent: mwanafunzi,,mwanafunzi,n,,both,,,,,,FreeDict,GPL-2.0-or-later (see package COPYING/README),https://freedict.org/downloads/,eng-swh.tei
BATCH_ENSW_FREEDICT_2026_02_24_A,987,en,purple,Swahili equivalent: zambarau,,zambarau,adj,,both,,,,,,FreeDict,GPL-2.0-or-later (see package COPYING/README),https://freedict.org/downloads/,eng-swh.tei
BATCH_ENSW_FREEDICT_2026_02_24_A,988,en,purpose,Swahili equivalent: nia,,nia,n,,both,,,,,,FreeDict,GPL-2.0-or-later (see package COPYING/README),https://freedict.org/downloads/,eng-swh.tei
BATCH_ENSW_FREEDICT_2026_02_24_A,989,en,push,Swahili equivalent: sukuma,,sukuma,v,,both,,,,,,FreeDict,GPL-2.0-or-later (see package COPYING/README),https://freedict.org/downloads/,eng-swh.tei
BATCH_ENSW_FREEDICT_2026_02_24_A,990,en,put,Swahili equivalent: tia,,tia,v,,both,,,,,,FreeDict,GPL-2.0-or-later (see package COPYING/README),https://freedict.org/downloads/,eng-swh.tei
BATCH_ENSW_FREEDICT_2026_02_24_A,991,en,put,Swahili equivalent: weka,,weka,v,,both,,,,,,FreeDict,GPL-2.0-or-later (see package COPYING/README),https://freedict.org/downloads/,eng-swh.tei
BATCH_ENSW_FREEDICT_2026_02_24_A,992,en,put aside for,Swahili equivalent: wekea,,wekea,v,,both,,,,,,FreeDict,GPL-2.0-or-later (see package COPYING/README),https://freedict.org/downloads/,eng-swh.tei
BATCH_ENSW_FREEDICT_2026_02_24_A,993,en,put in,Swahili equivalent: ingiza,,ingiza,v,,both,,,,,,FreeDict,GPL-2.0-or-later (see package COPYING/README),https://freedict.org/downloads/,eng-swh.tei
BATCH_ENSW_FREEDICT_2026_02_24_A,994,en,put in,Swahili equivalent: tilia,,tilia,v,,both,,,,,,FreeDict,GPL-2.0-or-later (see package COPYING/README),https://freedict.org/downloads/,eng-swh.tei
BATCH_ENSW_FREEDICT_2026_02_24_A,995,en,put out,Swahili equivalent: zima,,zima,v,,both,,,,,,FreeDict,GPL-2.0-or-later (see package COPYING/README),https://freedict.org/downloads/,eng-swh.tei
BATCH_ENSW_FREEDICT_2026_02_24_A,996,en,put out for,Swahili equivalent: tolea,,tolea,v,,both,,,,,,FreeDict,GPL-2.0-or-later (see package COPYING/README),https://freedict.org/downloads/,eng-swh.tei
BATCH_ENSW_FREEDICT_2026_02_24_A,997,en,quarrel,Swahili equivalent: ugomvi,,ugomvi,n,,both,,,,,,FreeDict,GPL-2.0-or-later (see package COPYING/README),https://freedict.org/downloads/,eng-swh.tei
BATCH_ENSW_FREEDICT_2026_02_24_A,998,en,quarrel,Swahili equivalent: gombana,,gombana,v,,both,,,,,,FreeDict,GPL-2.0-or-later (see package COPYING/README),https://freedict.org/downloads/,eng-swh.tei
BATCH_ENSW_FREEDICT_2026_02_24_A,999,en,quarrel,Swahili equivalent: kosana,,kosana,v,,both,,,,,,FreeDict,GPL-2.0-or-later (see package COPYING/README),https://freedict.org/downloads/,eng-swh.tei
BATCH_ENSW_FREEDICT_2026_02_24_A,1000,en,quarter,Swahili equivalent: robo,,robo,n,,both,,,,,,FreeDict,GPL-2.0-or-later (see package COPYING/README),https://freedict.org/downloads/,eng-swh.tei
BATCH_ENSW_FREEDICT_2026_02_24_A,1001,en,question,Swahili equivalent: swali,,swali,n,,both,,,,,,FreeDict,GPL-2.0-or-later (see package COPYING/README),https://freedict.org/downloads/,eng-swh.tei
BATCH_ENSW_FREEDICT_2026_02_24_A,1002,en,quickly,Swahili equivalent: upesi,,upesi,adv,,both,,,,,,FreeDict,GPL-2.0-or-later (see package COPYING/README),https://freedict.org/downloads/,eng-swh.tei
BATCH_ENSW_FREEDICT_2026_02_24_A,1003,en,rain,Swahili equivalent: mvua,,mvua,n,,both,,,,,,FreeDict,GPL-2.0-or-later (see package COPYING/README),https://freedict.org/downloads/,eng-swh.tei
BATCH_ENSW_FREEDICT_2026_02_24_A,1004,en,rain,Swahili equivalent: nyesha,,nyesha,v,,both,,,,,,FreeDict,GPL-2.0-or-later (see package COPYING/README),https://freedict.org/downloads/,eng-swh.tei
BATCH_ENSW_FREEDICT_2026_02_24_A,1005,en,rat,Swahili equivalent: panya,,panya,n,,both,,,,,,FreeDict,GPL-2.0-or-later (see package COPYING/README),https://freedict.org/downloads/,eng-swh.tei
BATCH_ENSW_FREEDICT_2026_02_24_A,1006,en,ration,Swahili equivalent: posho,,posho,n,,both,,,,,,FreeDict,GPL-2.0-or-later (see package COPYING/README),https://freedict.org/downloads/,eng-swh.tei
BATCH_ENSW_FREEDICT_2026_02_24_A,1007,en,raw,Swahili equivalent: bichi,,bichi,adj,,both,,,,,,FreeDict,GPL-2.0-or-later (see package COPYING/README),https://freedict.org/downloads/,eng-swh.tei
BATCH_ENSW_FREEDICT_2026_02_24_A,1008,en,razor,Swahili equivalent: wembe,,wembe,n,,both,,,,,,FreeDict,GPL-2.0-or-later (see package COPYING/README),https://freedict.org/downloads/,eng-swh.tei
BATCH_ENSW_FREEDICT_2026_02_24_A,1009,en,read,Swahili equivalent: soma,,soma,v,,both,,,,,,FreeDict,GPL-2.0-or-later (see package COPYING/README),https://freedict.org/downloads/,eng-swh.tei
BATCH_ENSW_FREEDICT_2026_02_24_A,1010,en,reader,Swahili equivalent: msomaji,,msomaji,n,,both,,,,,,FreeDict,GPL-2.0-or-later (see package COPYING/README),https://freedict.org/downloads/,eng-swh.tei
BATCH_ENSW_FREEDICT_2026_02_24_A,1011,en,ready,Swahili equivalent: tayari,,tayari,adj,,both,,,,,,FreeDict,GPL-2.0-or-later (see package COPYING/README),https://freedict.org/downloads/,eng-swh.tei
BATCH_ENSW_FREEDICT_2026_02_24_A,1012,en,reap,Swahili equivalent: vuna,,vuna,v,,both,,,,,,FreeDict,GPL-2.0-or-later (see package COPYING/README),https://freedict.org/downloads/,eng-swh.tei
BATCH_ENSW_FREEDICT_2026_02_24_A,1013,en,reason,Swahili equivalent: sababu,,sababu,n,,both,,,,,,FreeDict,GPL-2.0-or-later (see package COPYING/README),https://freedict.org/downloads/,eng-swh.tei
BATCH_ENSW_FREEDICT_2026_02_24_A,1014,en,rebuke,Swahili equivalent: kanya,,kanya,v,,both,,,,,,FreeDict,GPL-2.0-or-later (see package COPYING/README),https://freedict.org/downloads/,eng-swh.tei
BATCH_ENSW_FREEDICT_2026_02_24_A,1015,en,recommend,Swahili equivalent: sifia,,sifia,v,,both,,,,,,FreeDict,GPL-2.0-or-later (see package COPYING/README),https://freedict.org/downloads/,eng-swh.tei
BATCH_ENSW_FREEDICT_2026_02_24_A,1016,en,red,Swahili equivalent: ekundu,,ekundu,adj,,both,,,,,,FreeDict,GPL-2.0-or-later (see package COPYING/README),https://freedict.org/downloads/,eng-swh.tei
BATCH_ENSW_FREEDICT_2026_02_24_A,1017,en,reduce,Swahili equivalent: punguza,,punguza,v,,both,,,,,,FreeDict,GPL-2.0-or-later (see package COPYING/README),https://freedict.org/downloads/,eng-swh.tei
BATCH_ENSW_FREEDICT_2026_02_24_A,1018,en,refuse,Swahili equivalent: kataa,,kataa,v,,both,,,,,,FreeDict,GPL-2.0-or-later (see package COPYING/README),https://freedict.org/downloads/,eng-swh.tei
BATCH_ENSW_FREEDICT_2026_02_24_A,1019,en,rejoice,Swahili equivalent: furahi,,furahi,v,,both,,,,,,FreeDict,GPL-2.0-or-later (see package COPYING/README),https://freedict.org/downloads/,eng-swh.tei
BATCH_ENSW_FREEDICT_2026_02_24_A,1020,en,relative,Swahili equivalent: ndugu,,ndugu,n,,both,,,,,,FreeDict,GPL-2.0-or-later (see package COPYING/README),https://freedict.org/downloads/,eng-swh.tei
BATCH_ENSW_FREEDICT_2026_02_24_A,1021,en,religion,Swahili equivalent: dini,,dini,n,,both,,,,,,FreeDict,GPL-2.0-or-later (see package COPYING/README),https://freedict.org/downloads/,eng-swh.tei
BATCH_ENSW_FREEDICT_2026_02_24_A,1022,en,remain,Swahili equivalent: baki,,baki,v,,both,,,,,,FreeDict,GPL-2.0-or-later (see package COPYING/README),https://freedict.org/downloads/,eng-swh.tei
BATCH_ENSW_FREEDICT_2026_02_24_A,1023,en,remember,Swahili equivalent: kumbuka,,kumbuka,v,,both,,,,,,FreeDict,GPL-2.0-or-later (see package COPYING/README),https://freedict.org/downloads/,eng-swh.tei
BATCH_ENSW_FREEDICT_2026_02_24_A,1024,en,remind,Swahili equivalent: kumbusha,,kumbusha,v,,both,,,,,,FreeDict,GPL-2.0-or-later (see package COPYING/README),https://freedict.org/downloads/,eng-swh.tei
BATCH_ENSW_FREEDICT_2026_02_24_A,1025,en,rent,Swahili equivalent: kodi,,kodi,v,,both,,,,,,FreeDict,GPL-2.0-or-later (see package COPYING/README),https://freedict.org/downloads/,eng-swh.tei
BATCH_ENSW_FREEDICT_2026_02_24_A,1026,en,rent out,Swahili equivalent: kodisha,,kodisha,v,,both,,,,,,FreeDict,GPL-2.0-or-later (see package COPYING/README),https://freedict.org/downloads/,eng-swh.tei
BATCH_ENSW_FREEDICT_2026_02_24_A,1027,en,repair,Swahili equivalent: tengeneza,,tengeneza,v,,both,,,,,,FreeDict,GPL-2.0-or-later (see package COPYING/README),https://freedict.org/downloads/,eng-swh.tei
BATCH_ENSW_FREEDICT_2026_02_24_A,1028,en,repair for,Swahili equivalent: tengenezea,,tengenezea,v,,both,,,,,,FreeDict,GPL-2.0-or-later (see package COPYING/README),https://freedict.org/downloads/,eng-swh.tei
BATCH_ENSW_FREEDICT_2026_02_24_A,1029,en,repent,Swahili equivalent: tubu,,tubu,v,,both,,,,,,FreeDict,GPL-2.0-or-later (see package COPYING/README),https://freedict.org/downloads/,eng-swh.tei
BATCH_ENSW_FREEDICT_2026_02_24_A,1030,en,resemble,Swahili equivalent: fanana,,fanana,v,,both,,,,,,FreeDict,GPL-2.0-or-later (see package COPYING/README),https://freedict.org/downloads/,eng-swh.tei
BATCH_ENSW_FREEDICT_2026_02_24_A,1031,en,reserve,Swahili equivalent: akiba,,akiba,n,,both,,,,,,FreeDict,GPL-2.0-or-later (see package COPYING/README),https://freedict.org/downloads/,eng-swh.tei
BATCH_ENSW_FREEDICT_2026_02_24_A,1032,en,respect,Swahili equivalent: heshima,,heshima,n,,both,,,,,,FreeDict,GPL-2.0-or-later (see package COPYING/README),https://freedict.org/downloads/,eng-swh.tei
BATCH_ENSW_FREEDICT_2026_02_24_A,1033,en,rest,Swahili equivalent: pumzika,,pumzika,v,,both,,,,,,FreeDict,GPL-2.0-or-later (see package COPYING/README),https://freedict.org/downloads/,eng-swh.tei
BATCH_ENSW_FREEDICT_2026_02_24_A,1034,en,rest-place/time,Swahili equivalent: pumziko,,pumziko,n,,both,,,,,,FreeDict,GPL-2.0-or-later (see package COPYING/README),https://freedict.org/downloads/,eng-swh.tei
BATCH_ENSW_FREEDICT_2026_02_24_A,1035,en,return,Swahili equivalent: rudi,,rudi,v,,both,,,,,,FreeDict,GPL-2.0-or-later (see package COPYING/README),https://freedict.org/downloads/,eng-swh.tei
BATCH_ENSW_FREEDICT_2026_02_24_A,1036,en,rhino,Swahili equivalent: kifaru,,kifaru,n,,both,,,,,,FreeDict,GPL-2.0-or-later (see package COPYING/README),https://freedict.org/downloads/,eng-swh.tei
BATCH_ENSW_FREEDICT_2026_02_24_A,1037,en,rib,Swahili equivalent: ubavu,,ubavu,n,,both,,,,,,FreeDict,GPL-2.0-or-later (see package COPYING/README),https://freedict.org/downloads/,eng-swh.tei
BATCH_ENSW_FREEDICT_2026_02_24_A,1038,en,rice,Swahili equivalent: mchele,,mchele,n,,both,,,,,,FreeDict,GPL-2.0-or-later (see package COPYING/README),https://freedict.org/downloads/,eng-swh.tei
BATCH_ENSW_FREEDICT_2026_02_24_A,1039,en,rice plant,Swahili equivalent: mpunga,,mpunga,n,,both,,,,,,FreeDict,GPL-2.0-or-later (see package COPYING/README),https://freedict.org/downloads/,eng-swh.tei
BATCH_ENSW_FREEDICT_2026_02_24_A,1040,en,right side,Swahili equivalent: kulia,,kulia,n,,both,,,,,,FreeDict,GPL-2.0-or-later (see package COPYING/README),https://freedict.org/downloads/,eng-swh.tei
BATCH_ENSW_FREEDICT_2026_02_24_A,1041,en,righteousness,Swahili equivalent: haki,,haki,n,,both,,,,,,FreeDict,GPL-2.0-or-later (see package COPYING/README),https://freedict.org/downloads/,eng-swh.tei
BATCH_ENSW_FREEDICT_2026_02_24_A,1042,en,ring,Swahili equivalent: pete,,pete,n,,both,,,,,,FreeDict,GPL-2.0-or-later (see package COPYING/README),https://freedict.org/downloads/,eng-swh.tei
BATCH_ENSW_FREEDICT_2026_02_24_A,1043,en,rinse mouth,Swahili equivalent: sukutua,,sukutua,v,,both,,,,,,FreeDict,GPL-2.0-or-later (see package COPYING/README),https://freedict.org/downloads/,eng-swh.tei
BATCH_ENSW_FREEDICT_2026_02_24_A,1044,en,ripe,Swahili equivalent: bivu,,bivu,adj,,both,,,,,,FreeDict,GPL-2.0-or-later (see package COPYING/README),https://freedict.org/downloads/,eng-swh.tei
BATCH_ENSW_FREEDICT_2026_02_24_A,1045,en,rise up,Swahili equivalent: ondokea,,ondokea,v,,both,,,,,,FreeDict,GPL-2.0-or-later (see package COPYING/README),https://freedict.org/downloads/,eng-swh.tei
BATCH_ENSW_FREEDICT_2026_02_24_A,1046,en,river,Swahili equivalent: mto,,mto,n,,both,,,,,,FreeDict,GPL-2.0-or-later (see package COPYING/README),https://freedict.org/downloads/,eng-swh.tei
BATCH_ENSW_FREEDICT_2026_02_24_A,1047,en,road,Swahili equivalent: njia,,njia,n,,both,,,,,,FreeDict,GPL-2.0-or-later (see package COPYING/README),https://freedict.org/downloads/,eng-swh.tei
BATCH_ENSW_FREEDICT_2026_02_24_A,1048,en,rob,Swahili equivalent: nyang'anya,,nyang'anya,v,,both,,,,,,FreeDict,GPL-2.0-or-later (see package COPYING/README),https://freedict.org/downloads/,eng-swh.tei
BATCH_ENSW_FREEDICT_2026_02_24_A,1049,en,roll,Swahili equivalent: kikuto,,kikuto,n,,both,,,,,,FreeDict,GPL-2.0-or-later (see package COPYING/README),https://freedict.org/downloads/,eng-swh.tei
BATCH_ENSW_FREEDICT_2026_02_24_A,1050,en,room,Swahili equivalent: chumba,,chumba,n,,both,,,,,,FreeDict,GPL-2.0-or-later (see package COPYING/README),https://freedict.org/downloads/,eng-swh.tei
BATCH_ENSW_FREEDICT_2026_02_24_A,1051,en,root,Swahili equivalent: mzizi,,mzizi,n,,both,,,,,,FreeDict,GPL-2.0-or-later (see package COPYING/README),https://freedict.org/downloads/,eng-swh.tei
BATCH_ENSW_FREEDICT_2026_02_24_A,1052,en,rope,Swahili equivalent: kamba,,kamba,n,,both,,,,,,FreeDict,GPL-2.0-or-later (see package COPYING/README),https://freedict.org/downloads/,eng-swh.tei
BATCH_ENSW_FREEDICT_2026_02_24_A,1053,en,rot,Swahili equivalent: oza,,oza,v,,both,,,,,,FreeDict,GPL-2.0-or-later (see package COPYING/README),https://freedict.org/downloads/,eng-swh.tei
BATCH_ENSW_FREEDICT_2026_02_24_A,1054,en,rotten,Swahili equivalent: bovu,,bovu,adj,,both,,,,,,FreeDict,GPL-2.0-or-later (see package COPYING/README),https://freedict.org/downloads/,eng-swh.tei
BATCH_ENSW_FREEDICT_2026_02_24_A,1055,en,rug,Swahili equivalent: zulia,,zulia,n,,both,,,,,,FreeDict,GPL-2.0-or-later (see package COPYING/README),https://freedict.org/downloads/,eng-swh.tei
BATCH_ENSW_FREEDICT_2026_02_24_A,1056,en,run away,Swahili equivalent: kimbia,,kimbia,v,,both,,,,,,FreeDict,GPL-2.0-or-later (see package COPYING/README),https://freedict.org/downloads/,eng-swh.tei
BATCH_ENSW_FREEDICT_2026_02_24_A,1057,en,run away,Swahili equivalent: toroka,,toroka,v,,both,,,,,,FreeDict,GPL-2.0-or-later (see package COPYING/README),https://freedict.org/downloads/,eng-swh.tei
BATCH_ENSW_FREEDICT_2026_02_24_A,1058,en,run to,Swahili equivalent: kimbilia,,kimbilia,v,,both,,,,,,FreeDict,GPL-2.0-or-later (see package COPYING/README),https://freedict.org/downloads/,eng-swh.tei
BATCH_ENSW_FREEDICT_2026_02_24_A,1059,en,sack,Swahili equivalent: gunia,,gunia,n,,both,,,,,,FreeDict,GPL-2.0-or-later (see package COPYING/README),https://freedict.org/downloads/,eng-swh.tei
BATCH_ENSW_FREEDICT_2026_02_24_A,1060,en,sailor,Swahili equivalent: baharia,,baharia,n,,both,,,,,,FreeDict,GPL-2.0-or-later (see package COPYING/README),https://freedict.org/downloads/,eng-swh.tei
BATCH_ENSW_FREEDICT_2026_02_24_A,1061,en,sake,Swahili equivalent: ajili,,ajili,n,,both,,,,,,FreeDict,GPL-2.0-or-later (see package COPYING/README),https://freedict.org/downloads/,eng-swh.tei
BATCH_ENSW_FREEDICT_2026_02_24_A,1062,en,saliva,Swahili equivalent: mate,,mate,n,,both,,,,,,FreeDict,GPL-2.0-or-later (see package COPYING/README),https://freedict.org/downloads/,eng-swh.tei
BATCH_ENSW_FREEDICT_2026_02_24_A,1063,en,salt,Swahili equivalent: chumvi,,chumvi,n,,both,,,,,,FreeDict,GPL-2.0-or-later (see package COPYING/README),https://freedict.org/downloads/,eng-swh.tei
BATCH_ENSW_FREEDICT_2026_02_24_A,1064,en,Saturday,Swahili equivalent: Jumamosi,,Jumamosi,n,,both,,,,,,FreeDict,GPL-2.0-or-later (see package COPYING/README),https://freedict.org/downloads/,eng-swh.tei
BATCH_ENSW_FREEDICT_2026_02_24_A,1065,en,save,Swahili equivalent: okoa,,okoa,v,,both,,,,,,FreeDict,GPL-2.0-or-later (see package COPYING/README),https://freedict.org/downloads/,eng-swh.tei
BATCH_ENSW_FREEDICT_2026_02_24_A,1066,en,scarf,Swahili equivalent: leso,,leso,n,,both,,,,,,FreeDict,GPL-2.0-or-later (see package COPYING/README),https://freedict.org/downloads/,eng-swh.tei
BATCH_ENSW_FREEDICT_2026_02_24_A,1067,en,schedule,Swahili equivalent: ratiba,,ratiba,n,,both,,,,,,FreeDict,GPL-2.0-or-later (see package COPYING/README),https://freedict.org/downloads/,eng-swh.tei
BATCH_ENSW_FREEDICT_2026_02_24_A,1068,en,school,Swahili equivalent: chuo,,chuo,n,,both,,,,,,FreeDict,GPL-2.0-or-later (see package COPYING/README),https://freedict.org/downloads/,eng-swh.tei
BATCH_ENSW_FREEDICT_2026_02_24_A,1069,en,school,Swahili equivalent: shule,,shule,n,,both,,,,,,FreeDict,GPL-2.0-or-later (see package COPYING/README),https://freedict.org/downloads/,eng-swh.tei
BATCH_ENSW_FREEDICT_2026_02_24_A,1070,en,school,Swahili equivalent: skuli,,skuli,n,,both,,,,,,FreeDict,GPL-2.0-or-later (see package COPYING/README),https://freedict.org/downloads/,eng-swh.tei
BATCH_ENSW_FREEDICT_2026_02_24_A,1071,en,scissors,Swahili equivalent: mkasi,,mkasi,n,,both,,,,,,FreeDict,GPL-2.0-or-later (see package COPYING/README),https://freedict.org/downloads/,eng-swh.tei
BATCH_ENSW_FREEDICT_2026_02_24_A,1072,en,score (twenty),Swahili equivalent: korija,,korija,n,,both,,,,,,FreeDict,GPL-2.0-or-later (see package COPYING/README),https://freedict.org/downloads/,eng-swh.tei
BATCH_ENSW_FREEDICT_2026_02_24_A,1073,en,scorpion,Swahili equivalent: nge,,nge,n,,both,,,,,,FreeDict,GPL-2.0-or-later (see package COPYING/README),https://freedict.org/downloads/,eng-swh.tei
BATCH_ENSW_FREEDICT_2026_02_24_A,1074,en,screw,Swahili equivalent: parafujo,,parafujo,n,,both,,,,,,FreeDict,GPL-2.0-or-later (see package COPYING/README),https://freedict.org/downloads/,eng-swh.tei
BATCH_ENSW_FREEDICT_2026_02_24_A,1075,en,screw,Swahili equivalent: skrubu,,skrubu,n,,both,,,,,,FreeDict,GPL-2.0-or-later (see package COPYING/README),https://freedict.org/downloads/,eng-swh.tei
BATCH_ENSW_FREEDICT_2026_02_24_A,1076,en,screwdriver,Swahili equivalent: bisibisi,,bisibisi,n,,both,,,,,,FreeDict,GPL-2.0-or-later (see package COPYING/README),https://freedict.org/downloads/,eng-swh.tei
BATCH_ENSW_FREEDICT_2026_02_24_A,1077,en,sea,Swahili equivalent: bahari,,bahari,n,,both,,,,,,FreeDict,GPL-2.0-or-later (see package COPYING/README),https://freedict.org/downloads/,eng-swh.tei
BATCH_ENSW_FREEDICT_2026_02_24_A,1078,en,second,Swahili equivalent: pili,,pili,adj,,both,,,,,,FreeDict,GPL-2.0-or-later (see package COPYING/README),https://freedict.org/downloads/,eng-swh.tei
BATCH_ENSW_FREEDICT_2026_02_24_A,1079,en,secret,Swahili equivalent: siri,,siri,n,,both,,,,,,FreeDict,GPL-2.0-or-later (see package COPYING/README),https://freedict.org/downloads/,eng-swh.tei
BATCH_ENSW_FREEDICT_2026_02_24_A,1080,en,see,Swahili equivalent: ona,,ona,v,,both,,,,,,FreeDict,GPL-2.0-or-later (see package COPYING/README),https://freedict.org/downloads/,eng-swh.tei
BATCH_ENSW_FREEDICT_2026_02_24_A,1081,en,seed,Swahili equivalent: mbegu,,mbegu,n,,both,,,,,,FreeDict,GPL-2.0-or-later (see package COPYING/README),https://freedict.org/downloads/,eng-swh.tei
BATCH_ENSW_FREEDICT_2026_02_24_A,1082,en,sell,Swahili equivalent: uza,,uza,v,,both,,,,,,FreeDict,GPL-2.0-or-later (see package COPYING/README),https://freedict.org/downloads/,eng-swh.tei
BATCH_ENSW_FREEDICT_2026_02_24_A,1083,en,send,Swahili equivalent: peleka,,peleka,v,,both,,,,,,FreeDict,GPL-2.0-or-later (see package COPYING/README),https://freedict.org/downloads/,eng-swh.tei
BATCH_ENSW_FREEDICT_2026_02_24_A,1084,en,send back,Swahili equivalent: rudisha,,rudisha,v,,both,,,,,,FreeDict,GPL-2.0-or-later (see package COPYING/README),https://freedict.org/downloads/,eng-swh.tei
BATCH_ENSW_FREEDICT_2026_02_24_A,1085,en,send for,Swahili equivalent: pelekea,,pelekea,v,,both,,,,,,FreeDict,GPL-2.0-or-later (see package COPYING/README),https://freedict.org/downloads/,eng-swh.tei
BATCH_ENSW_FREEDICT_2026_02_24_A,1086,en,send off,Swahili equivalent: safirisha,,safirisha,v,,both,,,,,,FreeDict,GPL-2.0-or-later (see package COPYING/README),https://freedict.org/downloads/,eng-swh.tei
BATCH_ENSW_FREEDICT_2026_02_24_A,1087,en,sense,Swahili equivalent: akili,,akili,n,,both,,,,,,FreeDict,GPL-2.0-or-later (see package COPYING/README),https://freedict.org/downloads/,eng-swh.tei
BATCH_ENSW_FREEDICT_2026_02_24_A,1088,en,September,Swahili equivalent: Septemba,,Septemba,n,,both,,,,,,FreeDict,GPL-2.0-or-later (see package COPYING/README),https://freedict.org/downloads/,eng-swh.tei
BATCH_ENSW_FREEDICT_2026_02_24_A,1089,en,serpent,Swahili equivalent: joka,,joka,n,,both,,,,,,FreeDict,GPL-2.0-or-later (see package COPYING/README),https://freedict.org/downloads/,eng-swh.tei
BATCH_ENSW_FREEDICT_2026_02_24_A,1090,en,servant,Swahili equivalent: mtumishi,,mtumishi,n,,both,,,,,,FreeDict,GPL-2.0-or-later (see package COPYING/README),https://freedict.org/downloads/,eng-swh.tei
BATCH_ENSW_FREEDICT_2026_02_24_A,1091,en,service,Swahili equivalent: uandikiaji,,uandikiaji,n,,both,,,,,,FreeDict,GPL-2.0-or-later (see package COPYING/README),https://freedict.org/downloads/,eng-swh.tei
BATCH_ENSW_FREEDICT_2026_02_24_A,1092,en,set down,Swahili equivalent: tua,,tua,v,,both,,,,,,FreeDict,GPL-2.0-or-later (see package COPYING/README),https://freedict.org/downloads/,eng-swh.tei
BATCH_ENSW_FREEDICT_2026_02_24_A,1093,en,seven,Swahili equivalent: saba,,saba,num,,both,,,,,,FreeDict,GPL-2.0-or-later (see package COPYING/README),https://freedict.org/downloads/,eng-swh.tei
BATCH_ENSW_FREEDICT_2026_02_24_A,1094,en,seventy,Swahili equivalent: sabini,,sabini,num,,both,,,,,,FreeDict,GPL-2.0-or-later (see package COPYING/README),https://freedict.org/downloads/,eng-swh.tei
BATCH_ENSW_FREEDICT_2026_02_24_A,1095,en,sew,Swahili equivalent: shona,,shona,v,,both,,,,,,FreeDict,GPL-2.0-or-later (see package COPYING/README),https://freedict.org/downloads/,eng-swh.tei
BATCH_ENSW_FREEDICT_2026_02_24_A,1096,en,shadow,Swahili equivalent: kivuli,,kivuli,n,,both,,,,,,FreeDict,GPL-2.0-or-later (see package COPYING/README),https://freedict.org/downloads/,eng-swh.tei
BATCH_ENSW_FREEDICT_2026_02_24_A,1097,en,share,Swahili equivalent: gawanya,,gawanya,v,,both,,,,,,FreeDict,GPL-2.0-or-later (see package COPYING/README),https://freedict.org/downloads/,eng-swh.tei
BATCH_ENSW_FREEDICT_2026_02_24_A,1098,en,shark,Swahili equivalent: papa,,papa,n,,both,,,,,,FreeDict,GPL-2.0-or-later (see package COPYING/README),https://freedict.org/downloads/,eng-swh.tei
BATCH_ENSW_FREEDICT_2026_02_24_A,1099,en,sharp,Swahili equivalent: kali,,kali,adj,,both,,,,,,FreeDict,GPL-2.0-or-later (see package COPYING/README),https://freedict.org/downloads/,eng-swh.tei
BATCH_ENSW_FREEDICT_2026_02_24_A,1100,en,sharpness,Swahili equivalent: ukali,,ukali,n,,both,,,,,,FreeDict,GPL-2.0-or-later (see package COPYING/README),https://freedict.org/downloads/,eng-swh.tei
BATCH_ENSW_FREEDICT_2026_02_24_A,1101,en,shave,Swahili equivalent: nyoa,,nyoa,v,,both,,,,,,FreeDict,GPL-2.0-or-later (see package COPYING/README),https://freedict.org/downloads/,eng-swh.tei
BATCH_ENSW_FREEDICT_2026_02_24_A,1102,en,she,Swahili equivalent: yeye,,yeye,pron,,both,,,,,,FreeDict,GPL-2.0-or-later (see package COPYING/README),https://freedict.org/downloads/,eng-swh.tei
BATCH_ENSW_FREEDICT_2026_02_24_A,1103,en,shed,Swahili equivalent: banda,,banda,n,,both,,,,,,FreeDict,GPL-2.0-or-later (see package COPYING/README),https://freedict.org/downloads/,eng-swh.tei
BATCH_ENSW_FREEDICT_2026_02_24_A,1104,en,sheep,Swahili equivalent: kondoo,,kondoo,n,,both,,,,,,FreeDict,GPL-2.0-or-later (see package COPYING/README),https://freedict.org/downloads/,eng-swh.tei
BATCH_ENSW_FREEDICT_2026_02_24_A,1105,en,shell,Swahili equivalent: bufuru,,bufuru,n,,both,,,,,,FreeDict,GPL-2.0-or-later (see package COPYING/README),https://freedict.org/downloads/,eng-swh.tei
BATCH_ENSW_FREEDICT_2026_02_24_A,1106,en,shilling,Swahili equivalent: shilingi,,shilingi,n,,both,,,,,,FreeDict,GPL-2.0-or-later (see package COPYING/README),https://freedict.org/downloads/,eng-swh.tei
BATCH_ENSW_FREEDICT_2026_02_24_A,1107,en,shine on,Swahili equivalent: angazia,,angazia,v,,both,,,,,,FreeDict,GPL-2.0-or-later (see package COPYING/README),https://freedict.org/downloads/,eng-swh.tei
BATCH_ENSW_FREEDICT_2026_02_24_A,1108,en,shirt,Swahili equivalent: shati,,shati,n,,both,,,,,,FreeDict,GPL-2.0-or-later (see package COPYING/README),https://freedict.org/downloads/,eng-swh.tei
BATCH_ENSW_FREEDICT_2026_02_24_A,1109,en,shiver,Swahili equivalent: tetemeka,,tetemeka,v,,both,,,,,,FreeDict,GPL-2.0-or-later (see package COPYING/README),https://freedict.org/downloads/,eng-swh.tei
BATCH_ENSW_FREEDICT_2026_02_24_A,1110,en,shoe,Swahili equivalent: kiatu,,kiatu,n,,both,,,,,,FreeDict,GPL-2.0-or-later (see package COPYING/README),https://freedict.org/downloads/,eng-swh.tei
BATCH_ENSW_FREEDICT_2026_02_24_A,1111,en,shop,Swahili equivalent: duka,,duka,n,,both,,,,,,FreeDict,GPL-2.0-or-later (see package COPYING/README),https://freedict.org/downloads/,eng-swh.tei
BATCH_ENSW_FREEDICT_2026_02_24_A,1112,en,short,Swahili equivalent: fupi,,fupi,adj,,both,,,,,,FreeDict,GPL-2.0-or-later (see package COPYING/README),https://freedict.org/downloads/,eng-swh.tei
BATCH_ENSW_FREEDICT_2026_02_24_A,1113,en,short-cut,Swahili equivalent: mkato,,mkato,n,,both,,,,,,FreeDict,GPL-2.0-or-later (see package COPYING/README),https://freedict.org/downloads/,eng-swh.tei
BATCH_ENSW_FREEDICT_2026_02_24_A,1114,en,shorten,Swahili equivalent: fupisha,,fupisha,v,,both,,,,,,FreeDict,GPL-2.0-or-later (see package COPYING/README),https://freedict.org/downloads/,eng-swh.tei
BATCH_ENSW_FREEDICT_2026_02_24_A,1115,en,shoulder,Swahili equivalent: bega,,bega,n,,both,,,,,,FreeDict,GPL-2.0-or-later (see package COPYING/README),https://freedict.org/downloads/,eng-swh.tei
BATCH_ENSW_FREEDICT_2026_02_24_A,1116,en,show,Swahili equivalent: tamasha,,tamasha,n,,both,,,,,,FreeDict,GPL-2.0-or-later (see package COPYING/README),https://freedict.org/downloads/,eng-swh.tei
BATCH_ENSW_FREEDICT_2026_02_24_A,1117,en,show,Swahili equivalent: onyesha,,onyesha,v,,both,,,,,,FreeDict,GPL-2.0-or-later (see package COPYING/README),https://freedict.org/downloads/,eng-swh.tei
BATCH_ENSW_FREEDICT_2026_02_24_A,1118,en,sick person,Swahili equivalent: mgonjwa,,mgonjwa,n,,both,,,,,,FreeDict,GPL-2.0-or-later (see package COPYING/README),https://freedict.org/downloads/,eng-swh.tei
BATCH_ENSW_FREEDICT_2026_02_24_A,1119,en,sickle,Swahili equivalent: mundu,,mundu,n,,both,,,,,,FreeDict,GPL-2.0-or-later (see package COPYING/README),https://freedict.org/downloads/,eng-swh.tei
BATCH_ENSW_FREEDICT_2026_02_24_A,1120,en,sickness,Swahili equivalent: maradhi,,maradhi,n,,both,,,,,,FreeDict,GPL-2.0-or-later (see package COPYING/README),https://freedict.org/downloads/,eng-swh.tei
BATCH_ENSW_FREEDICT_2026_02_24_A,1121,en,sickness,Swahili equivalent: ugonjwa,,ugonjwa,n,,both,,,,,,FreeDict,GPL-2.0-or-later (see package COPYING/README),https://freedict.org/downloads/,eng-swh.tei
BATCH_ENSW_FREEDICT_2026_02_24_A,1122,en,side,Swahili equivalent: kando,,kando,n,,both,,,,,,FreeDict,GPL-2.0-or-later (see package COPYING/README),https://freedict.org/downloads/,eng-swh.tei
BATCH_ENSW_FREEDICT_2026_02_24_A,1123,en,side,Swahili equivalent: upande,,upande,n,,both,,,,,,FreeDict,GPL-2.0-or-later (see package COPYING/README),https://freedict.org/downloads/,eng-swh.tei
BATCH_ENSW_FREEDICT_2026_02_24_A,1124,en,silk,Swahili equivalent: hariri,,hariri,n,,both,,,,,,FreeDict,GPL-2.0-or-later (see package COPYING/README),https://freedict.org/downloads/,eng-swh.tei
BATCH_ENSW_FREEDICT_2026_02_24_A,1125,en,since,Swahili equivalent: tangu,,tangu,prep,,both,,,,,,FreeDict,GPL-2.0-or-later (see package COPYING/README),https://freedict.org/downloads/,eng-swh.tei
BATCH_ENSW_FREEDICT_2026_02_24_A,1126,en,sing,Swahili equivalent: imba,,imba,v,,both,,,,,,FreeDict,GPL-2.0-or-later (see package COPYING/README),https://freedict.org/downloads/,eng-swh.tei
BATCH_ENSW_FREEDICT_2026_02_24_A,1127,en,sister,Swahili equivalent: dada,,dada,n,,both,,,,,,FreeDict,GPL-2.0-or-later (see package COPYING/README),https://freedict.org/downloads/,eng-swh.tei
BATCH_ENSW_FREEDICT_2026_02_24_A,1128,en,sit,Swahili equivalent: kaa,,kaa,v,,both,,,,,,FreeDict,GPL-2.0-or-later (see package COPYING/README),https://freedict.org/downloads/,eng-swh.tei
BATCH_ENSW_FREEDICT_2026_02_24_A,1129,en,six,Swahili equivalent: sita,,sita,num,,both,,,,,,FreeDict,GPL-2.0-or-later (see package COPYING/README),https://freedict.org/downloads/,eng-swh.tei
BATCH_ENSW_FREEDICT_2026_02_24_A,1130,en,sixty,Swahili equivalent: sitini,,sitini,num,,both,,,,,,FreeDict,GPL-2.0-or-later (see package COPYING/README),https://freedict.org/downloads/,eng-swh.tei
BATCH_ENSW_FREEDICT_2026_02_24_A,1131,en,size,Swahili equivalent: ukubwa,,ukubwa,n,,both,,,,,,FreeDict,GPL-2.0-or-later (see package COPYING/README),https://freedict.org/downloads/,eng-swh.tei
BATCH_ENSW_FREEDICT_2026_02_24_A,1132,en,skin,Swahili equivalent: ngozi,,ngozi,n,,both,,,,,,FreeDict,GPL-2.0-or-later (see package COPYING/README),https://freedict.org/downloads/,eng-swh.tei
BATCH_ENSW_FREEDICT_2026_02_24_A,1133,en,sky,Swahili equivalent: mbingu,,mbingu,n,,both,,,,,,FreeDict,GPL-2.0-or-later (see package COPYING/README),https://freedict.org/downloads/,eng-swh.tei
BATCH_ENSW_FREEDICT_2026_02_24_A,1134,en,slaughter,Swahili equivalent: chinja,,chinja,v,,both,,,,,,FreeDict,GPL-2.0-or-later (see package COPYING/README),https://freedict.org/downloads/,eng-swh.tei
BATCH_ENSW_FREEDICT_2026_02_24_A,1135,en,slave,Swahili equivalent: mtumwa,,mtumwa,n,,both,,,,,,FreeDict,GPL-2.0-or-later (see package COPYING/README),https://freedict.org/downloads/,eng-swh.tei
BATCH_ENSW_FREEDICT_2026_02_24_A,1136,en,sleep,Swahili equivalent: usingizi,,usingizi,n,,both,,,,,,FreeDict,GPL-2.0-or-later (see package COPYING/README),https://freedict.org/downloads/,eng-swh.tei
BATCH_ENSW_FREEDICT_2026_02_24_A,1137,en,sleep in,Swahili equivalent: lalia,,lalia,v,,both,,,,,,FreeDict,GPL-2.0-or-later (see package COPYING/README),https://freedict.org/downloads/,eng-swh.tei
BATCH_ENSW_FREEDICT_2026_02_24_A,1138,en,slippers,Swahili equivalent: sapatu,,sapatu,n,,both,,,,,,FreeDict,GPL-2.0-or-later (see package COPYING/README),https://freedict.org/downloads/,eng-swh.tei
BATCH_ENSW_FREEDICT_2026_02_24_A,1139,en,slippery place,Swahili equivalent: utelezi,,utelezi,n,,both,,,,,,FreeDict,GPL-2.0-or-later (see package COPYING/README),https://freedict.org/downloads/,eng-swh.tei
BATCH_ENSW_FREEDICT_2026_02_24_A,1140,en,slit,Swahili equivalent: chana,,chana,v,,both,,,,,,FreeDict,GPL-2.0-or-later (see package COPYING/README),https://freedict.org/downloads/,eng-swh.tei
BATCH_ENSW_FREEDICT_2026_02_24_A,1141,en,slowly,Swahili equivalent: polepole,,polepole,adv,,both,,,,,,FreeDict,GPL-2.0-or-later (see package COPYING/README),https://freedict.org/downloads/,eng-swh.tei
BATCH_ENSW_FREEDICT_2026_02_24_A,1142,en,small,Swahili equivalent: dogo,,dogo,adj,,both,,,,,,FreeDict,GPL-2.0-or-later (see package COPYING/README),https://freedict.org/downloads/,eng-swh.tei
BATCH_ENSW_FREEDICT_2026_02_24_A,1143,en,small fish,Swahili equivalent: dagaa,,dagaa,n,,both,,,,,,FreeDict,GPL-2.0-or-later (see package COPYING/README),https://freedict.org/downloads/,eng-swh.tei
BATCH_ENSW_FREEDICT_2026_02_24_A,1144,en,small lump,Swahili equivalent: kinundu,,kinundu,n,,both,,,,,,FreeDict,GPL-2.0-or-later (see package COPYING/README),https://freedict.org/downloads/,eng-swh.tei
BATCH_ENSW_FREEDICT_2026_02_24_A,1145,en,small thing,Swahili equivalent: kidude,,kidude,n,,both,,,,,,FreeDict,GPL-2.0-or-later (see package COPYING/README),https://freedict.org/downloads/,eng-swh.tei
BATCH_ENSW_FREEDICT_2026_02_24_A,1146,en,smallpox,Swahili equivalent: ndui,,ndui,n,,both,,,,,,FreeDict,GPL-2.0-or-later (see package COPYING/README),https://freedict.org/downloads/,eng-swh.tei
BATCH_ENSW_FREEDICT_2026_02_24_A,1147,en,smell,Swahili equivalent: harufu,,harufu,n,,both,,,,,,FreeDict,GPL-2.0-or-later (see package COPYING/README),https://freedict.org/downloads/,eng-swh.tei
BATCH_ENSW_FREEDICT_2026_02_24_A,1148,en,smell,Swahili equivalent: nusa,,nusa,v,,both,,,,,,FreeDict,GPL-2.0-or-later (see package COPYING/README),https://freedict.org/downloads/,eng-swh.tei
BATCH_ENSW_FREEDICT_2026_02_24_A,1149,en,smell bad,Swahili equivalent: nuka,,nuka,v,,both,,,,,,FreeDict,GPL-2.0-or-later (see package COPYING/README),https://freedict.org/downloads/,eng-swh.tei
BATCH_ENSW_FREEDICT_2026_02_24_A,1150,en,smell good,Swahili equivalent: nukia,,nukia,v,,both,,,,,,FreeDict,GPL-2.0-or-later (see package COPYING/README),https://freedict.org/downloads/,eng-swh.tei
BATCH_ENSW_FREEDICT_2026_02_24_A,1151,en,smile,Swahili equivalent: chekelea,,chekelea,v,,both,,,,,,FreeDict,GPL-2.0-or-later (see package COPYING/README),https://freedict.org/downloads/,eng-swh.tei
BATCH_ENSW_FREEDICT_2026_02_24_A,1152,en,smoke,Swahili equivalent: moshi,,moshi,n,,both,,,,,,FreeDict,GPL-2.0-or-later (see package COPYING/README),https://freedict.org/downloads/,eng-swh.tei
BATCH_ENSW_FREEDICT_2026_02_24_A,1153,en,smooth,Swahili equivalent: lainisha,,lainisha,v,,both,,,,,,FreeDict,GPL-2.0-or-later (see package COPYING/README),https://freedict.org/downloads/,eng-swh.tei
BATCH_ENSW_FREEDICT_2026_02_24_A,1154,en,smooth,Swahili equivalent: laini,,laini,adj,,both,,,,,,FreeDict,GPL-2.0-or-later (see package COPYING/README),https://freedict.org/downloads/,eng-swh.tei
BATCH_ENSW_FREEDICT_2026_02_24_A,1155,en,snake,Swahili equivalent: nyoka,,nyoka,n,,both,,,,,,FreeDict,GPL-2.0-or-later (see package COPYING/README),https://freedict.org/downloads/,eng-swh.tei
BATCH_ENSW_FREEDICT_2026_02_24_A,1156,en,so,Swahili equivalent: basi,,basi,interj,,both,,,,,,FreeDict,GPL-2.0-or-later (see package COPYING/README),https://freedict.org/downloads/,eng-swh.tei
BATCH_ENSW_FREEDICT_2026_02_24_A,1157,en,so,Swahili equivalent: kumbe,,kumbe,adv,,both,,,,,,FreeDict,GPL-2.0-or-later (see package COPYING/README),https://freedict.org/downloads/,eng-swh.tei
BATCH_ENSW_FREEDICT_2026_02_24_A,1158,en,soap,Swahili equivalent: sabuni,,sabuni,n,,both,,,,,,FreeDict,GPL-2.0-or-later (see package COPYING/README),https://freedict.org/downloads/,eng-swh.tei
BATCH_ENSW_FREEDICT_2026_02_24_A,1159,en,socks,Swahili equivalent: soksi,,soksi,n,,both,,,,,,FreeDict,GPL-2.0-or-later (see package COPYING/README),https://freedict.org/downloads/,eng-swh.tei
BATCH_ENSW_FREEDICT_2026_02_24_A,1160,en,soft,Swahili equivalent: laini,,laini,adj,,both,,,,,,FreeDict,GPL-2.0-or-later (see package COPYING/README),https://freedict.org/downloads/,eng-swh.tei
BATCH_ENSW_FREEDICT_2026_02_24_A,1161,en,soil,Swahili equivalent: udongo,,udongo,n,,both,,,,,,FreeDict,GPL-2.0-or-later (see package COPYING/README),https://freedict.org/downloads/,eng-swh.tei
BATCH_ENSW_FREEDICT_2026_02_24_A,1162,en,soldier,Swahili equivalent: askari,,askari,n,,both,,,,,,FreeDict,GPL-2.0-or-later (see package COPYING/README),https://freedict.org/downloads/,eng-swh.tei
BATCH_ENSW_FREEDICT_2026_02_24_A,1163,en,sole,Swahili equivalent: unyayo,,unyayo,n,,both,,,,,,FreeDict,GPL-2.0-or-later (see package COPYING/README),https://freedict.org/downloads/,eng-swh.tei
BATCH_ENSW_FREEDICT_2026_02_24_A,1164,en,solitary,Swahili equivalent: gumba,,gumba,adj,,both,,,,,,FreeDict,GPL-2.0-or-later (see package COPYING/README),https://freedict.org/downloads/,eng-swh.tei
BATCH_ENSW_FREEDICT_2026_02_24_A,1165,en,some,Swahili equivalent: baadhi,,baadhi,n,,both,,,,,,FreeDict,GPL-2.0-or-later (see package COPYING/README),https://freedict.org/downloads/,eng-swh.tei
BATCH_ENSW_FREEDICT_2026_02_24_A,1166,en,son,Swahili equivalent: mwana,,mwana,n,,both,,,,,,FreeDict,GPL-2.0-or-later (see package COPYING/README),https://freedict.org/downloads/,eng-swh.tei
BATCH_ENSW_FREEDICT_2026_02_24_A,1167,en,song,Swahili equivalent: wimbo,,wimbo,n,,both,,,,,,FreeDict,GPL-2.0-or-later (see package COPYING/README),https://freedict.org/downloads/,eng-swh.tei
BATCH_ENSW_FREEDICT_2026_02_24_A,1168,en,sorceror,Swahili equivalent: mchawi,,mchawi,n,,both,,,,,,FreeDict,GPL-2.0-or-later (see package COPYING/README),https://freedict.org/downloads/,eng-swh.tei
BATCH_ENSW_FREEDICT_2026_02_24_A,1169,en,sore,Swahili equivalent: kidonda,,kidonda,n,,both,,,,,,FreeDict,GPL-2.0-or-later (see package COPYING/README),https://freedict.org/downloads/,eng-swh.tei
BATCH_ENSW_FREEDICT_2026_02_24_A,1170,en,sorrow,Swahili equivalent: huzuni,,huzuni,n,,both,,,,,,FreeDict,GPL-2.0-or-later (see package COPYING/README),https://freedict.org/downloads/,eng-swh.tei
BATCH_ENSW_FREEDICT_2026_02_24_A,1171,en,soul,Swahili equivalent: roho,,roho,n,,both,,,,,,FreeDict,GPL-2.0-or-later (see package COPYING/README),https://freedict.org/downloads/,eng-swh.tei
BATCH_ENSW_FREEDICT_2026_02_24_A,1172,en,sound,Swahili equivalent: sauti,,sauti,n,,both,,,,,,FreeDict,GPL-2.0-or-later (see package COPYING/README),https://freedict.org/downloads/,eng-swh.tei
BATCH_ENSW_FREEDICT_2026_02_24_A,1173,en,soup,Swahili equivalent: supu,,supu,n,,both,,,,,,FreeDict,GPL-2.0-or-later (see package COPYING/README),https://freedict.org/downloads/,eng-swh.tei
BATCH_ENSW_FREEDICT_2026_02_24_A,1174,en,south,Swahili equivalent: kusini,,kusini,n,,both,,,,,,FreeDict,GPL-2.0-or-later (see package COPYING/README),https://freedict.org/downloads/,eng-swh.tei
BATCH_ENSW_FREEDICT_2026_02_24_A,1175,en,sparkle,Swahili equivalent: kimeta,,kimeta,n,,both,,,,,,FreeDict,GPL-2.0-or-later (see package COPYING/README),https://freedict.org/downloads/,eng-swh.tei
BATCH_ENSW_FREEDICT_2026_02_24_A,1176,en,speak,Swahili equivalent: nena,,nena,v,,both,,,,,,FreeDict,GPL-2.0-or-later (see package COPYING/README),https://freedict.org/downloads/,eng-swh.tei
BATCH_ENSW_FREEDICT_2026_02_24_A,1177,en,speak,Swahili equivalent: sema,,sema,v,,both,,,,,,FreeDict,GPL-2.0-or-later (see package COPYING/README),https://freedict.org/downloads/,eng-swh.tei
BATCH_ENSW_FREEDICT_2026_02_24_A,1178,en,special,Swahili equivalent: maalumu,,maalumu,adj,,both,,,,,,FreeDict,GPL-2.0-or-later (see package COPYING/README),https://freedict.org/downloads/,eng-swh.tei
BATCH_ENSW_FREEDICT_2026_02_24_A,1179,en,spice,Swahili equivalent: bizari,,bizari,n,,both,,,,,,FreeDict,GPL-2.0-or-later (see package COPYING/README),https://freedict.org/downloads/,eng-swh.tei
BATCH_ENSW_FREEDICT_2026_02_24_A,1180,en,spider,Swahili equivalent: buibui,,buibui,n,,both,,,,,,FreeDict,GPL-2.0-or-later (see package COPYING/README),https://freedict.org/downloads/,eng-swh.tei
BATCH_ENSW_FREEDICT_2026_02_24_A,1181,en,spinach,Swahili equivalent: mchicha,,mchicha,n,,both,,,,,,FreeDict,GPL-2.0-or-later (see package COPYING/README),https://freedict.org/downloads/,eng-swh.tei
BATCH_ENSW_FREEDICT_2026_02_24_A,1182,en,split,Swahili equivalent: pasua,,pasua,v,,both,,,,,,FreeDict,GPL-2.0-or-later (see package COPYING/README),https://freedict.org/downloads/,eng-swh.tei
BATCH_ENSW_FREEDICT_2026_02_24_A,1183,en,spoon,Swahili equivalent: kijiko,,kijiko,n,,both,,,,,,FreeDict,GPL-2.0-or-later (see package COPYING/README),https://freedict.org/downloads/,eng-swh.tei
BATCH_ENSW_FREEDICT_2026_02_24_A,1184,en,spot,Swahili equivalent: doa,,doa,n,,both,,,,,,FreeDict,GPL-2.0-or-later (see package COPYING/README),https://freedict.org/downloads/,eng-swh.tei
BATCH_ENSW_FREEDICT_2026_02_24_A,1185,en,spring,Swahili equivalent: kamani,,kamani,n,,both,,,,,,FreeDict,GPL-2.0-or-later (see package COPYING/README),https://freedict.org/downloads/,eng-swh.tei
BATCH_ENSW_FREEDICT_2026_02_24_A,1186,en,spring-mechanism,Swahili equivalent: mtambo,,mtambo,n,,both,,,,,,FreeDict,GPL-2.0-or-later (see package COPYING/README),https://freedict.org/downloads/,eng-swh.tei
BATCH_ENSW_FREEDICT_2026_02_24_A,1187,en,sprout,Swahili equivalent: chipua,,chipua,v,,both,,,,,,FreeDict,GPL-2.0-or-later (see package COPYING/README),https://freedict.org/downloads/,eng-swh.tei
BATCH_ENSW_FREEDICT_2026_02_24_A,1188,en,squeeze,Swahili equivalent: bana,,bana,v,,both,,,,,,FreeDict,GPL-2.0-or-later (see package COPYING/README),https://freedict.org/downloads/,eng-swh.tei
BATCH_ENSW_FREEDICT_2026_02_24_A,1189,en,squeeze,Swahili equivalent: kama,,kama,v,,both,,,,,,FreeDict,GPL-2.0-or-later (see package COPYING/README),https://freedict.org/downloads/,eng-swh.tei
BATCH_ENSW_FREEDICT_2026_02_24_A,1190,en,squeeze out,Swahili equivalent: kamua,,kamua,v,,both,,,,,,FreeDict,GPL-2.0-or-later (see package COPYING/README),https://freedict.org/downloads/,eng-swh.tei
BATCH_ENSW_FREEDICT_2026_02_24_A,1191,en,stage,Swahili equivalent: jukwaa,,jukwaa,n,,both,,,,,,FreeDict,GPL-2.0-or-later (see package COPYING/README),https://freedict.org/downloads/,eng-swh.tei
BATCH_ENSW_FREEDICT_2026_02_24_A,1192,en,stairs,Swahili equivalent: daraja,,daraja,n,,both,,,,,,FreeDict,GPL-2.0-or-later (see package COPYING/README),https://freedict.org/downloads/,eng-swh.tei
BATCH_ENSW_FREEDICT_2026_02_24_A,1193,en,stairs,Swahili equivalent: ngazi,,ngazi,n,,both,,,,,,FreeDict,GPL-2.0-or-later (see package COPYING/README),https://freedict.org/downloads/,eng-swh.tei
BATCH_ENSW_FREEDICT_2026_02_24_A,1194,en,stand,Swahili equivalent: simama,,simama,v,,both,,,,,,FreeDict,GPL-2.0-or-later (see package COPYING/README),https://freedict.org/downloads/,eng-swh.tei
BATCH_ENSW_FREEDICT_2026_02_24_A,1195,en,star,Swahili equivalent: nyota,,nyota,n,,both,,,,,,FreeDict,GPL-2.0-or-later (see package COPYING/README),https://freedict.org/downloads/,eng-swh.tei
BATCH_ENSW_FREEDICT_2026_02_24_A,1196,en,start up,Swahili equivalent: anzisha,,anzisha,v,,both,,,,,,FreeDict,GPL-2.0-or-later (see package COPYING/README),https://freedict.org/downloads/,eng-swh.tei
BATCH_ENSW_FREEDICT_2026_02_24_A,1197,en,state,Swahili equivalent: hali,,hali,n,,both,,,,,,FreeDict,GPL-2.0-or-later (see package COPYING/README),https://freedict.org/downloads/,eng-swh.tei
BATCH_ENSW_FREEDICT_2026_02_24_A,1198,en,station,Swahili equivalent: stesheni,,stesheni,n,,both,,,,,,FreeDict,GPL-2.0-or-later (see package COPYING/README),https://freedict.org/downloads/,eng-swh.tei
BATCH_ENSW_FREEDICT_2026_02_24_A,1199,en,steal,Swahili equivalent: iba,,iba,v,,both,,,,,,FreeDict,GPL-2.0-or-later (see package COPYING/README),https://freedict.org/downloads/,eng-swh.tei
BATCH_ENSW_FREEDICT_2026_02_24_A,1200,en,steamship,Swahili equivalent: meli,,meli,n,,both,,,,,,FreeDict,GPL-2.0-or-later (see package COPYING/README),https://freedict.org/downloads/,eng-swh.tei
BATCH_ENSW_FREEDICT_2026_02_24_A,1201,en,steering-gear,Swahili equivalent: usukani,,usukani,n,,both,,,,,,FreeDict,GPL-2.0-or-later (see package COPYING/README),https://freedict.org/downloads/,eng-swh.tei
BATCH_ENSW_FREEDICT_2026_02_24_A,1202,en,step,Swahili equivalent: hatua,,hatua,n,,both,,,,,,FreeDict,GPL-2.0-or-later (see package COPYING/README),https://freedict.org/downloads/,eng-swh.tei
BATCH_ENSW_FREEDICT_2026_02_24_A,1203,en,step-,Swahili equivalent: kambo,,kambo,n,,both,,,,,,FreeDict,GPL-2.0-or-later (see package COPYING/README),https://freedict.org/downloads/,eng-swh.tei
BATCH_ENSW_FREEDICT_2026_02_24_A,1204,en,stick,Swahili equivalent: fimbo,,fimbo,n,,both,,,,,,FreeDict,GPL-2.0-or-later (see package COPYING/README),https://freedict.org/downloads/,eng-swh.tei
BATCH_ENSW_FREEDICT_2026_02_24_A,1205,en,stick,Swahili equivalent: kwama,,kwama,v,,both,,,,,,FreeDict,GPL-2.0-or-later (see package COPYING/README),https://freedict.org/downloads/,eng-swh.tei
BATCH_ENSW_FREEDICT_2026_02_24_A,1206,en,stick on,Swahili equivalent: bandika,,bandika,v,,both,,,,,,FreeDict,GPL-2.0-or-later (see package COPYING/README),https://freedict.org/downloads/,eng-swh.tei
BATCH_ENSW_FREEDICT_2026_02_24_A,1207,en,stiff porridge,Swahili equivalent: ugali,,ugali,n,,both,,,,,,FreeDict,GPL-2.0-or-later (see package COPYING/README),https://freedict.org/downloads/,eng-swh.tei
BATCH_ENSW_FREEDICT_2026_02_24_A,1208,en,still,Swahili equivalent: bado,,bado,adv,,both,,,,,,FreeDict,GPL-2.0-or-later (see package COPYING/README),https://freedict.org/downloads/,eng-swh.tei
BATCH_ENSW_FREEDICT_2026_02_24_A,1209,en,stir up,Swahili equivalent: vuruga,,vuruga,v,,both,,,,,,FreeDict,GPL-2.0-or-later (see package COPYING/README),https://freedict.org/downloads/,eng-swh.tei
BATCH_ENSW_FREEDICT_2026_02_24_A,1210,en,stomach,Swahili equivalent: tumbo,,tumbo,n,,both,,,,,,FreeDict,GPL-2.0-or-later (see package COPYING/README),https://freedict.org/downloads/,eng-swh.tei
BATCH_ENSW_FREEDICT_2026_02_24_A,1211,en,stone,Swahili equivalent: jiwe,,jiwe,n,,both,,,,,,FreeDict,GPL-2.0-or-later (see package COPYING/README),https://freedict.org/downloads/,eng-swh.tei
BATCH_ENSW_FREEDICT_2026_02_24_A,1212,en,stop,Swahili equivalent: kituo,,kituo,n,,both,,,,,,FreeDict,GPL-2.0-or-later (see package COPYING/README),https://freedict.org/downloads/,eng-swh.tei
BATCH_ENSW_FREEDICT_2026_02_24_A,1213,en,stop up,Swahili equivalent: ziba,,ziba,v,,both,,,,,,FreeDict,GPL-2.0-or-later (see package COPYING/README),https://freedict.org/downloads/,eng-swh.tei
BATCH_ENSW_FREEDICT_2026_02_24_A,1214,en,story,Swahili equivalent: hadithi,,hadithi,n,,both,,,,,,FreeDict,GPL-2.0-or-later (see package COPYING/README),https://freedict.org/downloads/,eng-swh.tei
BATCH_ENSW_FREEDICT_2026_02_24_A,1215,en,stranger,Swahili equivalent: mgeni,,mgeni,n,,both,,,,,,FreeDict,GPL-2.0-or-later (see package COPYING/README),https://freedict.org/downloads/,eng-swh.tei
BATCH_ENSW_FREEDICT_2026_02_24_A,1216,en,stream,Swahili equivalent: kijito,,kijito,n,,both,,,,,,FreeDict,GPL-2.0-or-later (see package COPYING/README),https://freedict.org/downloads/,eng-swh.tei
BATCH_ENSW_FREEDICT_2026_02_24_A,1217,en,strength,Swahili equivalent: nguvu,,nguvu,n,,both,,,,,,FreeDict,GPL-2.0-or-later (see package COPYING/README),https://freedict.org/downloads/,eng-swh.tei
BATCH_ENSW_FREEDICT_2026_02_24_A,1218,en,strengthen,Swahili equivalent: imarisha,,imarisha,v,,both,,,,,,FreeDict,GPL-2.0-or-later (see package COPYING/README),https://freedict.org/downloads/,eng-swh.tei
BATCH_ENSW_FREEDICT_2026_02_24_A,1219,en,striped,Swahili equivalent: milia,,milia,adj,,both,,,,,,FreeDict,GPL-2.0-or-later (see package COPYING/README),https://freedict.org/downloads/,eng-swh.tei
BATCH_ENSW_FREEDICT_2026_02_24_A,1220,en,strong,Swahili equivalent: imara,,imara,adj,,both,,,,,,FreeDict,GPL-2.0-or-later (see package COPYING/README),https://freedict.org/downloads/,eng-swh.tei
BATCH_ENSW_FREEDICT_2026_02_24_A,1221,en,succeed,Swahili equivalent: fanikiwa,,fanikiwa,v,,both,,,,,,FreeDict,GPL-2.0-or-later (see package COPYING/README),https://freedict.org/downloads/,eng-swh.tei
BATCH_ENSW_FREEDICT_2026_02_24_A,1222,en,such a one,Swahili equivalent: fulani,,fulani,n,,both,,,,,,FreeDict,GPL-2.0-or-later (see package COPYING/README),https://freedict.org/downloads/,eng-swh.tei
BATCH_ENSW_FREEDICT_2026_02_24_A,1223,en,suddenly,Swahili equivalent: ghafula,,ghafula,adv,,both,,,,,,FreeDict,GPL-2.0-or-later (see package COPYING/README),https://freedict.org/downloads/,eng-swh.tei
BATCH_ENSW_FREEDICT_2026_02_24_A,1224,en,sugar,Swahili equivalent: sukari,,sukari,n,,both,,,,,,FreeDict,GPL-2.0-or-later (see package COPYING/README),https://freedict.org/downloads/,eng-swh.tei
BATCH_ENSW_FREEDICT_2026_02_24_A,1225,en,sugar cane,Swahili equivalent: muwa,,muwa,n,,both,,,,,,FreeDict,GPL-2.0-or-later (see package COPYING/README),https://freedict.org/downloads/,eng-swh.tei
BATCH_ENSW_FREEDICT_2026_02_24_A,1226,en,sun,Swahili equivalent: jua,,jua,n,,both,,,,,,FreeDict,GPL-2.0-or-later (see package COPYING/README),https://freedict.org/downloads/,eng-swh.tei
BATCH_ENSW_FREEDICT_2026_02_24_A,1227,en,Sunday,Swahili equivalent: Jumapili,,Jumapili,n,,both,,,,,,FreeDict,GPL-2.0-or-later (see package COPYING/README),https://freedict.org/downloads/,eng-swh.tei
BATCH_ENSW_FREEDICT_2026_02_24_A,1228,en,Swahili language,Swahili equivalent: Kiswahili,,Kiswahili,n,,both,,,,,,FreeDict,GPL-2.0-or-later (see package COPYING/README),https://freedict.org/downloads/,eng-swh.tei
BATCH_ENSW_FREEDICT_2026_02_24_A,1229,en,sweep,Swahili equivalent: fagia,,fagia,v,,both,,,,,,FreeDict,GPL-2.0-or-later (see package COPYING/README),https://freedict.org/downloads/,eng-swh.tei
BATCH_ENSW_FREEDICT_2026_02_24_A,1230,en,sweet,Swahili equivalent: tamu,,tamu,adj,,both,,,,,,FreeDict,GPL-2.0-or-later (see package COPYING/README),https://freedict.org/downloads/,eng-swh.tei
BATCH_ENSW_FREEDICT_2026_02_24_A,1231,en,swell,Swahili equivalent: vimba,,vimba,v,,both,,,,,,FreeDict,GPL-2.0-or-later (see package COPYING/README),https://freedict.org/downloads/,eng-swh.tei
BATCH_ENSW_FREEDICT_2026_02_24_A,1232,en,swim,Swahili equivalent: ogelea,,ogelea,v,,both,,,,,,FreeDict,GPL-2.0-or-later (see package COPYING/README),https://freedict.org/downloads/,eng-swh.tei
BATCH_ENSW_FREEDICT_2026_02_24_A,1233,en,table,Swahili equivalent: meza,,meza,n,,both,,,,,,FreeDict,GPL-2.0-or-later (see package COPYING/README),https://freedict.org/downloads/,eng-swh.tei
BATCH_ENSW_FREEDICT_2026_02_24_A,1234,en,tail,Swahili equivalent: mkia,,mkia,n,,both,,,,,,FreeDict,GPL-2.0-or-later (see package COPYING/README),https://freedict.org/downloads/,eng-swh.tei
BATCH_ENSW_FREEDICT_2026_02_24_A,1235,en,tailor,Swahili equivalent: mshoni,,mshoni,n,,both,,,,,,FreeDict,GPL-2.0-or-later (see package COPYING/README),https://freedict.org/downloads/,eng-swh.tei
BATCH_ENSW_FREEDICT_2026_02_24_A,1236,en,take away,Swahili equivalent: ondoa,,ondoa,v,,both,,,,,,FreeDict,GPL-2.0-or-later (see package COPYING/README),https://freedict.org/downloads/,eng-swh.tei
BATCH_ENSW_FREEDICT_2026_02_24_A,1237,en,take leave of,Swahili equivalent: aga,,aga,v,,both,,,,,,FreeDict,GPL-2.0-or-later (see package COPYING/README),https://freedict.org/downloads/,eng-swh.tei
BATCH_ENSW_FREEDICT_2026_02_24_A,1238,en,take off,Swahili equivalent: bandua,,bandua,v,,both,,,,,,FreeDict,GPL-2.0-or-later (see package COPYING/README),https://freedict.org/downloads/,eng-swh.tei
BATCH_ENSW_FREEDICT_2026_02_24_A,1239,en,take on,Swahili equivalent: pakia,,pakia,v,,both,,,,,,FreeDict,GPL-2.0-or-later (see package COPYING/README),https://freedict.org/downloads/,eng-swh.tei
BATCH_ENSW_FREEDICT_2026_02_24_A,1240,en,take out,Swahili equivalent: toa,,toa,v,,both,,,,,,FreeDict,GPL-2.0-or-later (see package COPYING/README),https://freedict.org/downloads/,eng-swh.tei
BATCH_ENSW_FREEDICT_2026_02_24_A,1241,en,tamarind,Swahili equivalent: ukwaju,,ukwaju,n,,both,,,,,,FreeDict,GPL-2.0-or-later (see package COPYING/README),https://freedict.org/downloads/,eng-swh.tei
BATCH_ENSW_FREEDICT_2026_02_24_A,1242,en,tank,Swahili equivalent: tangi,,tangi,n,,both,,,,,,FreeDict,GPL-2.0-or-later (see package COPYING/README),https://freedict.org/downloads/,eng-swh.tei
BATCH_ENSW_FREEDICT_2026_02_24_A,1243,en,tap,Swahili equivalent: gogota,,gogota,v,,both,,,,,,FreeDict,GPL-2.0-or-later (see package COPYING/README),https://freedict.org/downloads/,eng-swh.tei
BATCH_ENSW_FREEDICT_2026_02_24_A,1244,en,tape,Swahili equivalent: utepe,,utepe,n,,both,,,,,,FreeDict,GPL-2.0-or-later (see package COPYING/README),https://freedict.org/downloads/,eng-swh.tei
BATCH_ENSW_FREEDICT_2026_02_24_A,1245,en,tar,Swahili equivalent: lami,,lami,n,,both,,,,,,FreeDict,GPL-2.0-or-later (see package COPYING/README),https://freedict.org/downloads/,eng-swh.tei
BATCH_ENSW_FREEDICT_2026_02_24_A,1246,en,tax,Swahili equivalent: ushuru,,ushuru,n,,both,,,,,,FreeDict,GPL-2.0-or-later (see package COPYING/README),https://freedict.org/downloads/,eng-swh.tei
BATCH_ENSW_FREEDICT_2026_02_24_A,1247,en,tea,Swahili equivalent: chai,,chai,n,,both,,,,,,FreeDict,GPL-2.0-or-later (see package COPYING/README),https://freedict.org/downloads/,eng-swh.tei
BATCH_ENSW_FREEDICT_2026_02_24_A,1248,en,teach,Swahili equivalent: fundisha,,fundisha,v,,both,,,,,,FreeDict,GPL-2.0-or-later (see package COPYING/README),https://freedict.org/downloads/,eng-swh.tei
BATCH_ENSW_FREEDICT_2026_02_24_A,1249,en,teach,Swahili equivalent: funza,,funza,v,,both,,,,,,FreeDict,GPL-2.0-or-later (see package COPYING/README),https://freedict.org/downloads/,eng-swh.tei
BATCH_ENSW_FREEDICT_2026_02_24_A,1250,en,teach,Swahili equivalent: somesha,,somesha,v,,both,,,,,,FreeDict,GPL-2.0-or-later (see package COPYING/README),https://freedict.org/downloads/,eng-swh.tei
BATCH_ENSW_FREEDICT_2026_02_24_A,1251,en,teacher,Swahili equivalent: mwalimu,,mwalimu,n,,both,,,,,,FreeDict,GPL-2.0-or-later (see package COPYING/README),https://freedict.org/downloads/,eng-swh.tei
BATCH_ENSW_FREEDICT_2026_02_24_A,1252,en,teapot,Swahili equivalent: buli,,buli,n,,both,,,,,,FreeDict,GPL-2.0-or-later (see package COPYING/README),https://freedict.org/downloads/,eng-swh.tei
BATCH_ENSW_FREEDICT_2026_02_24_A,1253,en,telephone,Swahili equivalent: simu,,simu,n,,both,,,,,,FreeDict,GPL-2.0-or-later (see package COPYING/README),https://freedict.org/downloads/,eng-swh.tei
BATCH_ENSW_FREEDICT_2026_02_24_A,1254,en,tell,Swahili equivalent: ambia,,ambia,v,,both,,,,,,FreeDict,GPL-2.0-or-later (see package COPYING/README),https://freedict.org/downloads/,eng-swh.tei
BATCH_ENSW_FREEDICT_2026_02_24_A,1255,en,temple,Swahili equivalent: hekalu,,hekalu,n,,both,,,,,,FreeDict,GPL-2.0-or-later (see package COPYING/README),https://freedict.org/downloads/,eng-swh.tei
BATCH_ENSW_FREEDICT_2026_02_24_A,1256,en,ten,Swahili equivalent: kumi,,kumi,num,,both,,,,,,FreeDict,GPL-2.0-or-later (see package COPYING/README),https://freedict.org/downloads/,eng-swh.tei
BATCH_ENSW_FREEDICT_2026_02_24_A,1257,en,termite,Swahili equivalent: mchwa,,mchwa,n,,both,,,,,,FreeDict,GPL-2.0-or-later (see package COPYING/README),https://freedict.org/downloads/,eng-swh.tei
BATCH_ENSW_FREEDICT_2026_02_24_A,1258,en,test,Swahili equivalent: jaribu,,jaribu,v,,both,,,,,,FreeDict,GPL-2.0-or-later (see package COPYING/README),https://freedict.org/downloads/,eng-swh.tei
BATCH_ENSW_FREEDICT_2026_02_24_A,1259,en,thank,Swahili equivalent: shukuru,,shukuru,v,,both,,,,,,FreeDict,GPL-2.0-or-later (see package COPYING/README),https://freedict.org/downloads/,eng-swh.tei
BATCH_ENSW_FREEDICT_2026_02_24_A,1260,en,thank you,Swahili equivalent: asante,,asante,,,both,,,,,,FreeDict,GPL-2.0-or-later (see package COPYING/README),https://freedict.org/downloads/,eng-swh.tei
BATCH_ENSW_FREEDICT_2026_02_24_A,1261,en,that,Swahili equivalent: le,,le,adj,,both,,,,,,FreeDict,GPL-2.0-or-later (see package COPYING/README),https://freedict.org/downloads/,eng-swh.tei
BATCH_ENSW_FREEDICT_2026_02_24_A,1262,en,that place,Swahili equivalent: hapo,,hapo,adv,,both,,,,,,FreeDict,GPL-2.0-or-later (see package COPYING/README),https://freedict.org/downloads/,eng-swh.tei
BATCH_ENSW_FREEDICT_2026_02_24_A,1263,en,theft,Swahili equivalent: wizi,,wizi,n,,both,,,,,,FreeDict,GPL-2.0-or-later (see package COPYING/README),https://freedict.org/downloads/,eng-swh.tei
BATCH_ENSW_FREEDICT_2026_02_24_A,1264,en,their,Swahili equivalent: ao,,ao,adj,,both,,,,,,FreeDict,GPL-2.0-or-later (see package COPYING/README),https://freedict.org/downloads/,eng-swh.tei
BATCH_ENSW_FREEDICT_2026_02_24_A,1265,en,then,Swahili equivalent: huko,,huko,adv,,both,,,,,,FreeDict,GPL-2.0-or-later (see package COPYING/README),https://freedict.org/downloads/,eng-swh.tei
BATCH_ENSW_FREEDICT_2026_02_24_A,1266,en,then,Swahili equivalent: kisha,,kisha,adv,,both,,,,,,FreeDict,GPL-2.0-or-later (see package COPYING/README),https://freedict.org/downloads/,eng-swh.tei
BATCH_ENSW_FREEDICT_2026_02_24_A,1267,en,then,Swahili equivalent: ndipo,,ndipo,adv,,both,,,,,,FreeDict,GPL-2.0-or-later (see package COPYING/README),https://freedict.org/downloads/,eng-swh.tei
BATCH_ENSW_FREEDICT_2026_02_24_A,1268,en,there,Swahili equivalent: huko,,huko,adv,,both,,,,,,FreeDict,GPL-2.0-or-later (see package COPYING/README),https://freedict.org/downloads/,eng-swh.tei
BATCH_ENSW_FREEDICT_2026_02_24_A,1269,en,there,Swahili equivalent: kule,,kule,adv,,both,,,,,,FreeDict,GPL-2.0-or-later (see package COPYING/README),https://freedict.org/downloads/,eng-swh.tei
BATCH_ENSW_FREEDICT_2026_02_24_A,1270,en,there,Swahili equivalent: pale,,pale,adv,,both,,,,,,FreeDict,GPL-2.0-or-later (see package COPYING/README),https://freedict.org/downloads/,eng-swh.tei
BATCH_ENSW_FREEDICT_2026_02_24_A,1271,en,there is,Swahili equivalent: mna,,mna,irrv,,both,,,,,,FreeDict,GPL-2.0-or-later (see package COPYING/README),https://freedict.org/downloads/,eng-swh.tei
BATCH_ENSW_FREEDICT_2026_02_24_A,1272,en,there is not there,Swahili equivalent: hapana,,hapana,,,both,,,,,,FreeDict,GPL-2.0-or-later (see package COPYING/README),https://freedict.org/downloads/,eng-swh.tei
BATCH_ENSW_FREEDICT_2026_02_24_A,1273,en,there is/are not,Swahili equivalent: hakuna,,hakuna,,,both,,,,,,FreeDict,GPL-2.0-or-later (see package COPYING/README),https://freedict.org/downloads/,eng-swh.tei
BATCH_ENSW_FREEDICT_2026_02_24_A,1274,en,they,Swahili equivalent: wao,,wao,pron,,both,,,,,,FreeDict,GPL-2.0-or-later (see package COPYING/README),https://freedict.org/downloads/,eng-swh.tei
BATCH_ENSW_FREEDICT_2026_02_24_A,1275,en,thief,Swahili equivalent: mwizi,,mwizi,n,,both,,,,,,FreeDict,GPL-2.0-or-later (see package COPYING/README),https://freedict.org/downloads/,eng-swh.tei
BATCH_ENSW_FREEDICT_2026_02_24_A,1276,en,thin porridge,Swahili equivalent: uji,,uji,n,,both,,,,,,FreeDict,GPL-2.0-or-later (see package COPYING/README),https://freedict.org/downloads/,eng-swh.tei
BATCH_ENSW_FREEDICT_2026_02_24_A,1277,en,thing,Swahili equivalent: kitu,,kitu,n,,both,,,,,,FreeDict,GPL-2.0-or-later (see package COPYING/README),https://freedict.org/downloads/,eng-swh.tei
BATCH_ENSW_FREEDICT_2026_02_24_A,1278,en,think,Swahili equivalent: dhani,,dhani,v,,both,,,,,,FreeDict,GPL-2.0-or-later (see package COPYING/README),https://freedict.org/downloads/,eng-swh.tei
BATCH_ENSW_FREEDICT_2026_02_24_A,1279,en,think,Swahili equivalent: waza,,waza,v,,both,,,,,,FreeDict,GPL-2.0-or-later (see package COPYING/README),https://freedict.org/downloads/,eng-swh.tei
BATCH_ENSW_FREEDICT_2026_02_24_A,1280,en,thirst,Swahili equivalent: kiu,,kiu,n,,both,,,,,,FreeDict,GPL-2.0-or-later (see package COPYING/README),https://freedict.org/downloads/,eng-swh.tei
BATCH_ENSW_FREEDICT_2026_02_24_A,1281,en,thirty,Swahili equivalent: thelathini,,thelathini,num,,both,,,,,,FreeDict,GPL-2.0-or-later (see package COPYING/README),https://freedict.org/downloads/,eng-swh.tei
BATCH_ENSW_FREEDICT_2026_02_24_A,1282,en,thorn,Swahili equivalent: mwiba,,mwiba,n,,both,,,,,,FreeDict,GPL-2.0-or-later (see package COPYING/README),https://freedict.org/downloads/,eng-swh.tei
BATCH_ENSW_FREEDICT_2026_02_24_A,1283,en,those,Swahili equivalent: le,,le,adj,,both,,,,,,FreeDict,GPL-2.0-or-later (see package COPYING/README),https://freedict.org/downloads/,eng-swh.tei
BATCH_ENSW_FREEDICT_2026_02_24_A,1284,en,thought,Swahili equivalent: wazo,,wazo,n,,both,,,,,,FreeDict,GPL-2.0-or-later (see package COPYING/README),https://freedict.org/downloads/,eng-swh.tei
BATCH_ENSW_FREEDICT_2026_02_24_A,1285,en,thousand,Swahili equivalent: elfu,,elfu,adj,,both,,,,,,FreeDict,GPL-2.0-or-later (see package COPYING/README),https://freedict.org/downloads/,eng-swh.tei
BATCH_ENSW_FREEDICT_2026_02_24_A,1286,en,three,Swahili equivalent: tatu,,tatu,num,,both,,,,,,FreeDict,GPL-2.0-or-later (see package COPYING/README),https://freedict.org/downloads/,eng-swh.tei
BATCH_ENSW_FREEDICT_2026_02_24_A,1287,en,throat,Swahili equivalent: koo,,koo,n,,both,,,,,,FreeDict,GPL-2.0-or-later (see package COPYING/README),https://freedict.org/downloads/,eng-swh.tei
BATCH_ENSW_FREEDICT_2026_02_24_A,1288,en,throw,Swahili equivalent: tupa,,tupa,v,,both,,,,,,FreeDict,GPL-2.0-or-later (see package COPYING/README),https://freedict.org/downloads/,eng-swh.tei
BATCH_ENSW_FREEDICT_2026_02_24_A,1289,en,Thursday,Swahili equivalent: Alhamisi,,Alhamisi,n,,both,,,,,,FreeDict,GPL-2.0-or-later (see package COPYING/README),https://freedict.org/downloads/,eng-swh.tei
BATCH_ENSW_FREEDICT_2026_02_24_A,1290,en,tighten,Swahili equivalent: kaza,,kaza,v,,both,,,,,,FreeDict,GPL-2.0-or-later (see package COPYING/README),https://freedict.org/downloads/,eng-swh.tei
BATCH_ENSW_FREEDICT_2026_02_24_A,1291,en,time,Swahili equivalent: mara,,mara,n,,both,,,,,,FreeDict,GPL-2.0-or-later (see package COPYING/README),https://freedict.org/downloads/,eng-swh.tei
BATCH_ENSW_FREEDICT_2026_02_24_A,1292,en,time,Swahili equivalent: wakati,,wakati,n,,both,,,,,,FreeDict,GPL-2.0-or-later (see package COPYING/README),https://freedict.org/downloads/,eng-swh.tei
BATCH_ENSW_FREEDICT_2026_02_24_A,1293,en,tin can,Swahili equivalent: kopo,,kopo,n,,both,,,,,,FreeDict,GPL-2.0-or-later (see package COPYING/README),https://freedict.org/downloads/,eng-swh.tei
BATCH_ENSW_FREEDICT_2026_02_24_A,1294,en,to,Swahili equivalent: kwa,,kwa,prep,,both,,,,,,FreeDict,GPL-2.0-or-later (see package COPYING/README),https://freedict.org/downloads/,eng-swh.tei
BATCH_ENSW_FREEDICT_2026_02_24_A,1295,en,today,Swahili equivalent: leo,,leo,adv,,both,,,,,,FreeDict,GPL-2.0-or-later (see package COPYING/README),https://freedict.org/downloads/,eng-swh.tei
BATCH_ENSW_FREEDICT_2026_02_24_A,1296,en,together,Swahili equivalent: pamoja,,pamoja,adv,,both,,,,,,FreeDict,GPL-2.0-or-later (see package COPYING/README),https://freedict.org/downloads/,eng-swh.tei
BATCH_ENSW_FREEDICT_2026_02_24_A,1297,en,tomato,Swahili equivalent: tungule,,tungule,n,,both,,,,,,FreeDict,GPL-2.0-or-later (see package COPYING/README),https://freedict.org/downloads/,eng-swh.tei
BATCH_ENSW_FREEDICT_2026_02_24_A,1298,en,tomorrow,Swahili equivalent: kesho,,kesho,adv,,both,,,,,,FreeDict,GPL-2.0-or-later (see package COPYING/README),https://freedict.org/downloads/,eng-swh.tei
BATCH_ENSW_FREEDICT_2026_02_24_A,1299,en,tongs,Swahili equivalent: koleo,,koleo,n,,both,,,,,,FreeDict,GPL-2.0-or-later (see package COPYING/README),https://freedict.org/downloads/,eng-swh.tei
BATCH_ENSW_FREEDICT_2026_02_24_A,1300,en,tongue,Swahili equivalent: ulimi,,ulimi,n,,both,,,,,,FreeDict,GPL-2.0-or-later (see package COPYING/README),https://freedict.org/downloads/,eng-swh.tei
BATCH_ENSW_FREEDICT_2026_02_24_A,1301,en,tooth,Swahili equivalent: jino,,jino,n,,both,,,,,,FreeDict,GPL-2.0-or-later (see package COPYING/README),https://freedict.org/downloads/,eng-swh.tei
BATCH_ENSW_FREEDICT_2026_02_24_A,1302,en,toothbrush,Swahili equivalent: mswaki,,mswaki,n,,both,,,,,,FreeDict,GPL-2.0-or-later (see package COPYING/README),https://freedict.org/downloads/,eng-swh.tei
BATCH_ENSW_FREEDICT_2026_02_24_A,1303,en,top,Swahili equivalent: kipeo,,kipeo,n,,both,,,,,,FreeDict,GPL-2.0-or-later (see package COPYING/README),https://freedict.org/downloads/,eng-swh.tei
BATCH_ENSW_FREEDICT_2026_02_24_A,1304,en,tortoise,Swahili equivalent: kobe,,kobe,n,,both,,,,,,FreeDict,GPL-2.0-or-later (see package COPYING/README),https://freedict.org/downloads/,eng-swh.tei
BATCH_ENSW_FREEDICT_2026_02_24_A,1305,en,touch,Swahili equivalent: gusa,,gusa,v,,both,,,,,,FreeDict,GPL-2.0-or-later (see package COPYING/README),https://freedict.org/downloads/,eng-swh.tei
BATCH_ENSW_FREEDICT_2026_02_24_A,1306,en,tourniquet,Swahili equivalent: kisongo,,kisongo,n,,both,,,,,,FreeDict,GPL-2.0-or-later (see package COPYING/README),https://freedict.org/downloads/,eng-swh.tei
BATCH_ENSW_FREEDICT_2026_02_24_A,1307,en,tow,Swahili equivalent: fungasha,,fungasha,v,,both,,,,,,FreeDict,GPL-2.0-or-later (see package COPYING/README),https://freedict.org/downloads/,eng-swh.tei
BATCH_ENSW_FREEDICT_2026_02_24_A,1308,en,town,Swahili equivalent: mji,,mji,n,,both,,,,,,FreeDict,GPL-2.0-or-later (see package COPYING/README),https://freedict.org/downloads/,eng-swh.tei
BATCH_ENSW_FREEDICT_2026_02_24_A,1309,en,train,Swahili equivalent: reli,,reli,n,,both,,,,,,FreeDict,GPL-2.0-or-later (see package COPYING/README),https://freedict.org/downloads/,eng-swh.tei
BATCH_ENSW_FREEDICT_2026_02_24_A,1310,en,translate,Swahili equivalent: fasiri,,fasiri,v,,both,,,,,,FreeDict,GPL-2.0-or-later (see package COPYING/README),https://freedict.org/downloads/,eng-swh.tei
BATCH_ENSW_FREEDICT_2026_02_24_A,1311,en,travel,Swahili equivalent: safiri,,safiri,v,,both,,,,,,FreeDict,GPL-2.0-or-later (see package COPYING/README),https://freedict.org/downloads/,eng-swh.tei
BATCH_ENSW_FREEDICT_2026_02_24_A,1312,en,travel by,Swahili equivalent: safiria,,safiria,v,,both,,,,,,FreeDict,GPL-2.0-or-later (see package COPYING/README),https://freedict.org/downloads/,eng-swh.tei
BATCH_ENSW_FREEDICT_2026_02_24_A,1313,en,traveller,Swahili equivalent: msafiri,,msafiri,n,,both,,,,,,FreeDict,GPL-2.0-or-later (see package COPYING/README),https://freedict.org/downloads/,eng-swh.tei
BATCH_ENSW_FREEDICT_2026_02_24_A,1314,en,tray,Swahili equivalent: sinia,,sinia,n,,both,,,,,,FreeDict,GPL-2.0-or-later (see package COPYING/README),https://freedict.org/downloads/,eng-swh.tei
BATCH_ENSW_FREEDICT_2026_02_24_A,1315,en,treasury,Swahili equivalent: hazina,,hazina,n,,both,,,,,,FreeDict,GPL-2.0-or-later (see package COPYING/README),https://freedict.org/downloads/,eng-swh.tei
BATCH_ENSW_FREEDICT_2026_02_24_A,1316,en,tree,Swahili equivalent: mti,,mti,n,,both,,,,,,FreeDict,GPL-2.0-or-later (see package COPYING/README),https://freedict.org/downloads/,eng-swh.tei
BATCH_ENSW_FREEDICT_2026_02_24_A,1317,en,tribe,Swahili equivalent: kabila,,kabila,n,,both,,,,,,FreeDict,GPL-2.0-or-later (see package COPYING/README),https://freedict.org/downloads/,eng-swh.tei
BATCH_ENSW_FREEDICT_2026_02_24_A,1318,en,trouble,Swahili equivalent: matata,,matata,n,,both,,,,,,FreeDict,GPL-2.0-or-later (see package COPYING/README),https://freedict.org/downloads/,eng-swh.tei
BATCH_ENSW_FREEDICT_2026_02_24_A,1319,en,trouble,Swahili equivalent: shida,,shida,n,,both,,,,,,FreeDict,GPL-2.0-or-later (see package COPYING/README),https://freedict.org/downloads/,eng-swh.tei
BATCH_ENSW_FREEDICT_2026_02_24_A,1320,en,trouble,Swahili equivalent: sumbua,,sumbua,v,,both,,,,,,FreeDict,GPL-2.0-or-later (see package COPYING/README),https://freedict.org/downloads/,eng-swh.tei
BATCH_ENSW_FREEDICT_2026_02_24_A,1321,en,truly,Swahili equivalent: kweli,,kweli,adv,,both,,,,,,FreeDict,GPL-2.0-or-later (see package COPYING/README),https://freedict.org/downloads/,eng-swh.tei
BATCH_ENSW_FREEDICT_2026_02_24_A,1322,en,trunk,Swahili equivalent: uti,,uti,n,,both,,,,,,FreeDict,GPL-2.0-or-later (see package COPYING/README),https://freedict.org/downloads/,eng-swh.tei
BATCH_ENSW_FREEDICT_2026_02_24_A,1323,en,trust,Swahili equivalent: tumaini,,tumaini,v,,both,,,,,,FreeDict,GPL-2.0-or-later (see package COPYING/README),https://freedict.org/downloads/,eng-swh.tei
BATCH_ENSW_FREEDICT_2026_02_24_A,1324,en,Tuesday,Swahili equivalent: Jumanne,,Jumanne,n,,both,,,,,,FreeDict,GPL-2.0-or-later (see package COPYING/README),https://freedict.org/downloads/,eng-swh.tei
BATCH_ENSW_FREEDICT_2026_02_24_A,1325,en,turmeric,Swahili equivalent: manjano,,manjano,n,,both,,,,,,FreeDict,GPL-2.0-or-later (see package COPYING/README),https://freedict.org/downloads/,eng-swh.tei
BATCH_ENSW_FREEDICT_2026_02_24_A,1326,en,turn,Swahili equivalent: pinda,,pinda,v,,both,,,,,,FreeDict,GPL-2.0-or-later (see package COPYING/README),https://freedict.org/downloads/,eng-swh.tei
BATCH_ENSW_FREEDICT_2026_02_24_A,1327,en,turn around,Swahili equivalent: geuka,,geuka,v,,both,,,,,,FreeDict,GPL-2.0-or-later (see package COPYING/README),https://freedict.org/downloads/,eng-swh.tei
BATCH_ENSW_FREEDICT_2026_02_24_A,1328,en,twelve,Swahili equivalent: thenashara,,thenashara,num,,both,,,,,,FreeDict,GPL-2.0-or-later (see package COPYING/README),https://freedict.org/downloads/,eng-swh.tei
BATCH_ENSW_FREEDICT_2026_02_24_A,1329,en,twenty,Swahili equivalent: ishirini,,ishirini,num,,both,,,,,,FreeDict,GPL-2.0-or-later (see package COPYING/README),https://freedict.org/downloads/,eng-swh.tei
BATCH_ENSW_FREEDICT_2026_02_24_A,1330,en,two,Swahili equivalent: wili,,wili,num,,both,,,,,,FreeDict,GPL-2.0-or-later (see package COPYING/README),https://freedict.org/downloads/,eng-swh.tei
BATCH_ENSW_FREEDICT_2026_02_24_A,1331,en,umbrella,Swahili equivalent: mwavuli,,mwavuli,n,,both,,,,,,FreeDict,GPL-2.0-or-later (see package COPYING/README),https://freedict.org/downloads/,eng-swh.tei
BATCH_ENSW_FREEDICT_2026_02_24_A,1332,en,uncle,Swahili equivalent: mjomba,,mjomba,n,,both,,,,,,FreeDict,GPL-2.0-or-later (see package COPYING/README),https://freedict.org/downloads/,eng-swh.tei
BATCH_ENSW_FREEDICT_2026_02_24_A,1333,en,uncover,Swahili equivalent: funua,,funua,v,,both,,,,,,FreeDict,GPL-2.0-or-later (see package COPYING/README),https://freedict.org/downloads/,eng-swh.tei
BATCH_ENSW_FREEDICT_2026_02_24_A,1334,en,undershirt,Swahili equivalent: fulana,,fulana,n,,both,,,,,,FreeDict,GPL-2.0-or-later (see package COPYING/README),https://freedict.org/downloads/,eng-swh.tei
BATCH_ENSW_FREEDICT_2026_02_24_A,1335,en,understand,Swahili equivalent: fahamu,,fahamu,v,,both,,,,,,FreeDict,GPL-2.0-or-later (see package COPYING/README),https://freedict.org/downloads/,eng-swh.tei
BATCH_ENSW_FREEDICT_2026_02_24_A,1336,en,undress,Swahili equivalent: vua,,vua,v,,both,,,,,,FreeDict,GPL-2.0-or-later (see package COPYING/README),https://freedict.org/downloads/,eng-swh.tei
BATCH_ENSW_FREEDICT_2026_02_24_A,1337,en,unfasten,Swahili equivalent: fungua,,fungua,v,,both,,,,,,FreeDict,GPL-2.0-or-later (see package COPYING/README),https://freedict.org/downloads/,eng-swh.tei
BATCH_ENSW_FREEDICT_2026_02_24_A,1338,en,unfold,Swahili equivalent: kunjua,,kunjua,v,,both,,,,,,FreeDict,GPL-2.0-or-later (see package COPYING/README),https://freedict.org/downloads/,eng-swh.tei
BATCH_ENSW_FREEDICT_2026_02_24_A,1339,en,unity,Swahili equivalent: umoja,,umoja,n,,both,,,,,,FreeDict,GPL-2.0-or-later (see package COPYING/README),https://freedict.org/downloads/,eng-swh.tei
BATCH_ENSW_FREEDICT_2026_02_24_A,1340,en,unravel,Swahili equivalent: fumua,,fumua,v,,both,,,,,,FreeDict,GPL-2.0-or-later (see package COPYING/README),https://freedict.org/downloads/,eng-swh.tei
BATCH_ENSW_FREEDICT_2026_02_24_A,1341,en,unripe,Swahili equivalent: bichi,,bichi,adj,,both,,,,,,FreeDict,GPL-2.0-or-later (see package COPYING/README),https://freedict.org/downloads/,eng-swh.tei
BATCH_ENSW_FREEDICT_2026_02_24_A,1342,en,unstop,Swahili equivalent: zibua,,zibua,v,,both,,,,,,FreeDict,GPL-2.0-or-later (see package COPYING/README),https://freedict.org/downloads/,eng-swh.tei
BATCH_ENSW_FREEDICT_2026_02_24_A,1343,en,until,Swahili equivalent: hadi,,hadi,prep,,both,,,,,,FreeDict,GPL-2.0-or-later (see package COPYING/README),https://freedict.org/downloads/,eng-swh.tei
BATCH_ENSW_FREEDICT_2026_02_24_A,1344,en,until,Swahili equivalent: hata,,hata,prep,,both,,,,,,FreeDict,GPL-2.0-or-later (see package COPYING/README),https://freedict.org/downloads/,eng-swh.tei
BATCH_ENSW_FREEDICT_2026_02_24_A,1345,en,until,Swahili equivalent: mpaka,,mpaka,prep,,both,,,,,,FreeDict,GPL-2.0-or-later (see package COPYING/README),https://freedict.org/downloads/,eng-swh.tei
BATCH_ENSW_FREEDICT_2026_02_24_A,1346,en,up to,Swahili equivalent: mpaka,,mpaka,prep,,both,,,,,,FreeDict,GPL-2.0-or-later (see package COPYING/README),https://freedict.org/downloads/,eng-swh.tei
BATCH_ENSW_FREEDICT_2026_02_24_A,1347,en,upbringing,Swahili equivalent: malezi,,malezi,n,,both,,,,,,FreeDict,GPL-2.0-or-later (see package COPYING/README),https://freedict.org/downloads/,eng-swh.tei
BATCH_ENSW_FREEDICT_2026_02_24_A,1348,en,upper floor,Swahili equivalent: ghorofa,,ghorofa,n,,both,,,,,,FreeDict,GPL-2.0-or-later (see package COPYING/README),https://freedict.org/downloads/,eng-swh.tei
BATCH_ENSW_FREEDICT_2026_02_24_A,1349,en,uproot,Swahili equivalent: ng'oa,,ng'oa,v,,both,,,,,,FreeDict,GPL-2.0-or-later (see package COPYING/README),https://freedict.org/downloads/,eng-swh.tei
BATCH_ENSW_FREEDICT_2026_02_24_A,1350,en,us,Swahili equivalent: sisi,,sisi,pron,,both,,,,,,FreeDict,GPL-2.0-or-later (see package COPYING/README),https://freedict.org/downloads/,eng-swh.tei
BATCH_ENSW_FREEDICT_2026_02_24_A,1351,en,use,Swahili equivalent: tumia,,tumia,v,,both,,,,,,FreeDict,GPL-2.0-or-later (see package COPYING/README),https://freedict.org/downloads/,eng-swh.tei
BATCH_ENSW_FREEDICT_2026_02_24_A,1352,en,use for,Swahili equivalent: tumilia,,tumilia,v,,both,,,,,,FreeDict,GPL-2.0-or-later (see package COPYING/README),https://freedict.org/downloads/,eng-swh.tei
BATCH_ENSW_FREEDICT_2026_02_24_A,1353,en,vacation,Swahili equivalent: likizo,,likizo,n,,both,,,,,,FreeDict,GPL-2.0-or-later (see package COPYING/README),https://freedict.org/downloads/,eng-swh.tei
BATCH_ENSW_FREEDICT_2026_02_24_A,1354,en,vaccinate,Swahili equivalent: chanjia,,chanjia,v,,both,,,,,,FreeDict,GPL-2.0-or-later (see package COPYING/README),https://freedict.org/downloads/,eng-swh.tei
BATCH_ENSW_FREEDICT_2026_02_24_A,1355,en,value,Swahili equivalent: thamani,,thamani,n,,both,,,,,,FreeDict,GPL-2.0-or-later (see package COPYING/README),https://freedict.org/downloads/,eng-swh.tei
BATCH_ENSW_FREEDICT_2026_02_24_A,1356,en,vegetable,Swahili equivalent: mboga,,mboga,n,,both,,,,,,FreeDict,GPL-2.0-or-later (see package COPYING/README),https://freedict.org/downloads/,eng-swh.tei
BATCH_ENSW_FREEDICT_2026_02_24_A,1357,en,very,Swahili equivalent: mno,,mno,adv,,both,,,,,,FreeDict,GPL-2.0-or-later (see package COPYING/README),https://freedict.org/downloads/,eng-swh.tei
BATCH_ENSW_FREEDICT_2026_02_24_A,1358,en,very,Swahili equivalent: sana,,sana,adv,,both,,,,,,FreeDict,GPL-2.0-or-later (see package COPYING/README),https://freedict.org/downloads/,eng-swh.tei
BATCH_ENSW_FREEDICT_2026_02_24_A,1359,en,vessel,Swahili equivalent: chombo,,chombo,n,,both,,,,,,FreeDict,GPL-2.0-or-later (see package COPYING/README),https://freedict.org/downloads/,eng-swh.tei
BATCH_ENSW_FREEDICT_2026_02_24_A,1360,en,view,Swahili equivalent: mandhari,,mandhari,n,,both,,,,,,FreeDict,GPL-2.0-or-later (see package COPYING/README),https://freedict.org/downloads/,eng-swh.tei
BATCH_ENSW_FREEDICT_2026_02_24_A,1361,en,village,Swahili equivalent: kijiji,,kijiji,n,,both,,,,,,FreeDict,GPL-2.0-or-later (see package COPYING/README),https://freedict.org/downloads/,eng-swh.tei
BATCH_ENSW_FREEDICT_2026_02_24_A,1362,en,vinegar,Swahili equivalent: siki,,siki,n,,both,,,,,,FreeDict,GPL-2.0-or-later (see package COPYING/README),https://freedict.org/downloads/,eng-swh.tei
BATCH_ENSW_FREEDICT_2026_02_24_A,1363,en,wage,Swahili equivalent: mshahara,,mshahara,n,,both,,,,,,FreeDict,GPL-2.0-or-later (see package COPYING/README),https://freedict.org/downloads/,eng-swh.tei
BATCH_ENSW_FREEDICT_2026_02_24_A,1364,en,wages,Swahili equivalent: ujira,,ujira,n,,both,,,,,,FreeDict,GPL-2.0-or-later (see package COPYING/README),https://freedict.org/downloads/,eng-swh.tei
BATCH_ENSW_FREEDICT_2026_02_24_A,1365,en,wait,Swahili equivalent: ngoja,,ngoja,v,,both,,,,,,FreeDict,GPL-2.0-or-later (see package COPYING/README),https://freedict.org/downloads/,eng-swh.tei
BATCH_ENSW_FREEDICT_2026_02_24_A,1366,en,wait for,Swahili equivalent: ngojea,,ngojea,v,,both,,,,,,FreeDict,GPL-2.0-or-later (see package COPYING/README),https://freedict.org/downloads/,eng-swh.tei
BATCH_ENSW_FREEDICT_2026_02_24_A,1367,en,waiter,Swahili equivalent: mwandishi,,mwandishi,n,,both,,,,,,FreeDict,GPL-2.0-or-later (see package COPYING/README),https://freedict.org/downloads/,eng-swh.tei
BATCH_ENSW_FREEDICT_2026_02_24_A,1368,en,wake,Swahili equivalent: amka,,amka,v,,both,,,,,,FreeDict,GPL-2.0-or-later (see package COPYING/README),https://freedict.org/downloads/,eng-swh.tei
BATCH_ENSW_FREEDICT_2026_02_24_A,1369,en,walk,Swahili equivalent: tembea,,tembea,v,,both,,,,,,FreeDict,GPL-2.0-or-later (see package COPYING/README),https://freedict.org/downloads/,eng-swh.tei
BATCH_ENSW_FREEDICT_2026_02_24_A,1370,en,wall,Swahili equivalent: ukuta,,ukuta,n,,both,,,,,,FreeDict,GPL-2.0-or-later (see package COPYING/README),https://freedict.org/downloads/,eng-swh.tei
BATCH_ENSW_FREEDICT_2026_02_24_A,1371,en,want,Swahili equivalent: taka,,taka,v,,both,,,,,,FreeDict,GPL-2.0-or-later (see package COPYING/README),https://freedict.org/downloads/,eng-swh.tei
BATCH_ENSW_FREEDICT_2026_02_24_A,1372,en,warm,Swahili equivalent: vuguvugu,,vuguvugu,adj,,both,,,,,,FreeDict,GPL-2.0-or-later (see package COPYING/README),https://freedict.org/downloads/,eng-swh.tei
BATCH_ENSW_FREEDICT_2026_02_24_A,1373,en,warn,Swahili equivalent: onya,,onya,v,,both,,,,,,FreeDict,GPL-2.0-or-later (see package COPYING/README),https://freedict.org/downloads/,eng-swh.tei
BATCH_ENSW_FREEDICT_2026_02_24_A,1374,en,wash,Swahili equivalent: fua,,fua,v,,both,,,,,,FreeDict,GPL-2.0-or-later (see package COPYING/README),https://freedict.org/downloads/,eng-swh.tei
BATCH_ENSW_FREEDICT_2026_02_24_A,1375,en,wash,Swahili equivalent: osha,,osha,v,,both,,,,,,FreeDict,GPL-2.0-or-later (see package COPYING/README),https://freedict.org/downloads/,eng-swh.tei
BATCH_ENSW_FREEDICT_2026_02_24_A,1376,en,wash,Swahili equivalent: oshea,,oshea,v,,both,,,,,,FreeDict,GPL-2.0-or-later (see package COPYING/README),https://freedict.org/downloads/,eng-swh.tei
BATCH_ENSW_FREEDICT_2026_02_24_A,1377,en,wash hands,Swahili equivalent: nawa,,nawa,v,,both,,,,,,FreeDict,GPL-2.0-or-later (see package COPYING/README),https://freedict.org/downloads/,eng-swh.tei
BATCH_ENSW_FREEDICT_2026_02_24_A,1378,en,watch out,Swahili equivalent: angalia,,angalia,v,,both,,,,,,FreeDict,GPL-2.0-or-later (see package COPYING/README),https://freedict.org/downloads/,eng-swh.tei
BATCH_ENSW_FREEDICT_2026_02_24_A,1379,en,watch over,Swahili equivalent: chunga,,chunga,v,,both,,,,,,FreeDict,GPL-2.0-or-later (see package COPYING/README),https://freedict.org/downloads/,eng-swh.tei
BATCH_ENSW_FREEDICT_2026_02_24_A,1380,en,water,Swahili equivalent: maji,,maji,n,,both,,,,,,FreeDict,GPL-2.0-or-later (see package COPYING/README),https://freedict.org/downloads/,eng-swh.tei
BATCH_ENSW_FREEDICT_2026_02_24_A,1381,en,water bottle,Swahili equivalent: kiriba,,kiriba,n,,both,,,,,,FreeDict,GPL-2.0-or-later (see package COPYING/README),https://freedict.org/downloads/,eng-swh.tei
BATCH_ENSW_FREEDICT_2026_02_24_A,1382,en,water-channel,Swahili equivalent: mfereji,,mfereji,n,,both,,,,,,FreeDict,GPL-2.0-or-later (see package COPYING/README),https://freedict.org/downloads/,eng-swh.tei
BATCH_ENSW_FREEDICT_2026_02_24_A,1383,en,wave,Swahili equivalent: wimbi,,wimbi,n,,both,,,,,,FreeDict,GPL-2.0-or-later (see package COPYING/README),https://freedict.org/downloads/,eng-swh.tei
BATCH_ENSW_FREEDICT_2026_02_24_A,1384,en,wax,Swahili equivalent: nta,,nta,n,,both,,,,,,FreeDict,GPL-2.0-or-later (see package COPYING/README),https://freedict.org/downloads/,eng-swh.tei
BATCH_ENSW_FREEDICT_2026_02_24_A,1385,en,we,Swahili equivalent: sisi,,sisi,pron,,both,,,,,,FreeDict,GPL-2.0-or-later (see package COPYING/README),https://freedict.org/downloads/,eng-swh.tei
BATCH_ENSW_FREEDICT_2026_02_24_A,1386,en,wealthy,Swahili equivalent: tajiri,,tajiri,adj,,both,,,,,,FreeDict,GPL-2.0-or-later (see package COPYING/README),https://freedict.org/downloads/,eng-swh.tei
BATCH_ENSW_FREEDICT_2026_02_24_A,1387,en,weave,Swahili equivalent: fuma,,fuma,v,,both,,,,,,FreeDict,GPL-2.0-or-later (see package COPYING/README),https://freedict.org/downloads/,eng-swh.tei
BATCH_ENSW_FREEDICT_2026_02_24_A,1388,en,wedding,Swahili equivalent: arusi,,arusi,n,,both,,,,,,FreeDict,GPL-2.0-or-later (see package COPYING/README),https://freedict.org/downloads/,eng-swh.tei
BATCH_ENSW_FREEDICT_2026_02_24_A,1389,en,Wednesday,Swahili equivalent: Jumatano,,Jumatano,n,,both,,,,,,FreeDict,GPL-2.0-or-later (see package COPYING/README),https://freedict.org/downloads/,eng-swh.tei
BATCH_ENSW_FREEDICT_2026_02_24_A,1390,en,week,Swahili equivalent: juma,,juma,n,,both,,,,,,FreeDict,GPL-2.0-or-later (see package COPYING/README),https://freedict.org/downloads/,eng-swh.tei
BATCH_ENSW_FREEDICT_2026_02_24_A,1391,en,week,Swahili equivalent: wiki,,wiki,n,,both,,,,,,FreeDict,GPL-2.0-or-later (see package COPYING/README),https://freedict.org/downloads/,eng-swh.tei
BATCH_ENSW_FREEDICT_2026_02_24_A,1392,en,weight,Swahili equivalent: uzito,,uzito,n,,both,,,,,,FreeDict,GPL-2.0-or-later (see package COPYING/README),https://freedict.org/downloads/,eng-swh.tei
BATCH_ENSW_FREEDICT_2026_02_24_A,1393,en,well,Swahili equivalent: kisima,,kisima,n,,both,,,,,,FreeDict,GPL-2.0-or-later (see package COPYING/README),https://freedict.org/downloads/,eng-swh.tei
BATCH_ENSW_FREEDICT_2026_02_24_A,1394,en,well,Swahili equivalent: vizuri,,vizuri,adv,,both,,,,,,FreeDict,GPL-2.0-or-later (see package COPYING/README),https://freedict.org/downloads/,eng-swh.tei
BATCH_ENSW_FREEDICT_2026_02_24_A,1395,en,west,Swahili equivalent: magharibi,,magharibi,n,,both,,,,,,FreeDict,GPL-2.0-or-later (see package COPYING/README),https://freedict.org/downloads/,eng-swh.tei
BATCH_ENSW_FREEDICT_2026_02_24_A,1396,en,what,Swahili equivalent: nini?,,nini?,pron,,both,,,,,,FreeDict,GPL-2.0-or-later (see package COPYING/README),https://freedict.org/downloads/,eng-swh.tei
BATCH_ENSW_FREEDICT_2026_02_24_A,1397,en,what kind,Swahili equivalent: gani?,,gani?,adj,,both,,,,,,FreeDict,GPL-2.0-or-later (see package COPYING/README),https://freedict.org/downloads/,eng-swh.tei
BATCH_ENSW_FREEDICT_2026_02_24_A,1398,en,wheat,Swahili equivalent: ngano,,ngano,n,,both,,,,,,FreeDict,GPL-2.0-or-later (see package COPYING/README),https://freedict.org/downloads/,eng-swh.tei
BATCH_ENSW_FREEDICT_2026_02_24_A,1399,en,wheel,Swahili equivalent: gurudumu,,gurudumu,n,,both,,,,,,FreeDict,GPL-2.0-or-later (see package COPYING/README),https://freedict.org/downloads/,eng-swh.tei
BATCH_ENSW_FREEDICT_2026_02_24_A,1400,en,wheeled vehicle,Swahili equivalent: gari,,gari,n,,both,,,,,,FreeDict,GPL-2.0-or-later (see package COPYING/README),https://freedict.org/downloads/,eng-swh.tei
BATCH_ENSW_FREEDICT_2026_02_24_A,1401,en,when,Swahili equivalent: lini?,,lini?,adv,,both,,,,,,FreeDict,GPL-2.0-or-later (see package COPYING/README),https://freedict.org/downloads/,eng-swh.tei
BATCH_ENSW_FREEDICT_2026_02_24_A,1402,en,where,Swahili equivalent: wapi?,,wapi?,adv,,both,,,,,,FreeDict,GPL-2.0-or-later (see package COPYING/README),https://freedict.org/downloads/,eng-swh.tei
BATCH_ENSW_FREEDICT_2026_02_24_A,1403,en,which,Swahili equivalent: pi?,,pi?,adj,,both,,,,,,FreeDict,GPL-2.0-or-later (see package COPYING/README),https://freedict.org/downloads/,eng-swh.tei
BATCH_ENSW_FREEDICT_2026_02_24_A,1404,en,which is,Swahili equivalent: kuliko,,kuliko,irrv,,both,,,,,,FreeDict,GPL-2.0-or-later (see package COPYING/README),https://freedict.org/downloads/,eng-swh.tei
BATCH_ENSW_FREEDICT_2026_02_24_A,1405,en,white,Swahili equivalent: eupe,,eupe,adj,,both,,,,,,FreeDict,GPL-2.0-or-later (see package COPYING/README),https://freedict.org/downloads/,eng-swh.tei
BATCH_ENSW_FREEDICT_2026_02_24_A,1406,en,white hair,Swahili equivalent: mvi,,mvi,n,,both,,,,,,FreeDict,GPL-2.0-or-later (see package COPYING/README),https://freedict.org/downloads/,eng-swh.tei
BATCH_ENSW_FREEDICT_2026_02_24_A,1407,en,who,Swahili equivalent: nani?,,nani?,pron,,both,,,,,,FreeDict,GPL-2.0-or-later (see package COPYING/README),https://freedict.org/downloads/,eng-swh.tei
BATCH_ENSW_FREEDICT_2026_02_24_A,1408,en,whole,Swahili equivalent: zima,,zima,adj,,both,,,,,,FreeDict,GPL-2.0-or-later (see package COPYING/README),https://freedict.org/downloads/,eng-swh.tei
BATCH_ENSW_FREEDICT_2026_02_24_A,1409,en,whole day,Swahili equivalent: kutwa,,kutwa,n,,both,,,,,,FreeDict,GPL-2.0-or-later (see package COPYING/README),https://freedict.org/downloads/,eng-swh.tei
BATCH_ENSW_FREEDICT_2026_02_24_A,1410,en,why,Swahili equivalent: kwani?,,kwani?,adv,,both,,,,,,FreeDict,GPL-2.0-or-later (see package COPYING/README),https://freedict.org/downloads/,eng-swh.tei
BATCH_ENSW_FREEDICT_2026_02_24_A,1411,en,why,Swahili equivalent: mbona?,,mbona?,adv,,both,,,,,,FreeDict,GPL-2.0-or-later (see package COPYING/README),https://freedict.org/downloads/,eng-swh.tei
BATCH_ENSW_FREEDICT_2026_02_24_A,1412,en,wickedness,Swahili equivalent: ubaya,,ubaya,n,,both,,,,,,FreeDict,GPL-2.0-or-later (see package COPYING/README),https://freedict.org/downloads/,eng-swh.tei
BATCH_ENSW_FREEDICT_2026_02_24_A,1413,en,wide,Swahili equivalent: pana,,pana,adj,,both,,,,,,FreeDict,GPL-2.0-or-later (see package COPYING/README),https://freedict.org/downloads/,eng-swh.tei
BATCH_ENSW_FREEDICT_2026_02_24_A,1414,en,widow,Swahili equivalent: mjane,,mjane,n,,both,,,,,,FreeDict,GPL-2.0-or-later (see package COPYING/README),https://freedict.org/downloads/,eng-swh.tei
BATCH_ENSW_FREEDICT_2026_02_24_A,1415,en,widower,Swahili equivalent: mjane,,mjane,n,,both,,,,,,FreeDict,GPL-2.0-or-later (see package COPYING/README),https://freedict.org/downloads/,eng-swh.tei
BATCH_ENSW_FREEDICT_2026_02_24_A,1416,en,width,Swahili equivalent: upana,,upana,n,,both,,,,,,FreeDict,GPL-2.0-or-later (see package COPYING/README),https://freedict.org/downloads/,eng-swh.tei
BATCH_ENSW_FREEDICT_2026_02_24_A,1417,en,wife,Swahili equivalent: mke,,mke,n,,both,,,,,,FreeDict,GPL-2.0-or-later (see package COPYING/README),https://freedict.org/downloads/,eng-swh.tei
BATCH_ENSW_FREEDICT_2026_02_24_A,1418,en,wind,Swahili equivalent: upepo,,upepo,n,,both,,,,,,FreeDict,GPL-2.0-or-later (see package COPYING/README),https://freedict.org/downloads/,eng-swh.tei
BATCH_ENSW_FREEDICT_2026_02_24_A,1419,en,window,Swahili equivalent: dirisha,,dirisha,n,,both,,,,,,FreeDict,GPL-2.0-or-later (see package COPYING/README),https://freedict.org/downloads/,eng-swh.tei
BATCH_ENSW_FREEDICT_2026_02_24_A,1420,en,wine,Swahili equivalent: mvinyo,,mvinyo,n,,both,,,,,,FreeDict,GPL-2.0-or-later (see package COPYING/README),https://freedict.org/downloads/,eng-swh.tei
BATCH_ENSW_FREEDICT_2026_02_24_A,1421,en,wing,Swahili equivalent: ubawa,,ubawa,n,,both,,,,,,FreeDict,GPL-2.0-or-later (see package COPYING/README),https://freedict.org/downloads/,eng-swh.tei
BATCH_ENSW_FREEDICT_2026_02_24_A,1422,en,wipe,Swahili equivalent: futa,,futa,v,,both,,,,,,FreeDict,GPL-2.0-or-later (see package COPYING/README),https://freedict.org/downloads/,eng-swh.tei
BATCH_ENSW_FREEDICT_2026_02_24_A,1423,en,wipe with,Swahili equivalent: futia,,futia,v,,both,,,,,,FreeDict,GPL-2.0-or-later (see package COPYING/README),https://freedict.org/downloads/,eng-swh.tei
BATCH_ENSW_FREEDICT_2026_02_24_A,1424,en,with,Swahili equivalent: kwa,,kwa,prep,,both,,,,,,FreeDict,GPL-2.0-or-later (see package COPYING/README),https://freedict.org/downloads/,eng-swh.tei
BATCH_ENSW_FREEDICT_2026_02_24_A,1425,en,with me,Swahili equivalent: nami,,nami,,,both,,,,,,FreeDict,GPL-2.0-or-later (see package COPYING/README),https://freedict.org/downloads/,eng-swh.tei
BATCH_ENSW_FREEDICT_2026_02_24_A,1426,en,withhold from,Swahili equivalent: zuilia,,zuilia,v,,both,,,,,,FreeDict,GPL-2.0-or-later (see package COPYING/README),https://freedict.org/downloads/,eng-swh.tei
BATCH_ENSW_FREEDICT_2026_02_24_A,1427,en,without,Swahili equivalent: bila,,bila,prep,,both,,,,,,FreeDict,GPL-2.0-or-later (see package COPYING/README),https://freedict.org/downloads/,eng-swh.tei
BATCH_ENSW_FREEDICT_2026_02_24_A,1428,en,without,Swahili equivalent: pasipo,,pasipo,prep,,both,,,,,,FreeDict,GPL-2.0-or-later (see package COPYING/README),https://freedict.org/downloads/,eng-swh.tei
BATCH_ENSW_FREEDICT_2026_02_24_A,1429,en,woman,Swahili equivalent: mwanamke,,mwanamke,n,,both,,,,,,FreeDict,GPL-2.0-or-later (see package COPYING/README),https://freedict.org/downloads/,eng-swh.tei
BATCH_ENSW_FREEDICT_2026_02_24_A,1430,en,women,Swahili equivalent: wanawake,,wanawake,n,,both,,,,,,FreeDict,GPL-2.0-or-later (see package COPYING/README),https://freedict.org/downloads/,eng-swh.tei
BATCH_ENSW_FREEDICT_2026_02_24_A,1431,en,word,Swahili equivalent: neno,,neno,n,,both,,,,,,FreeDict,GPL-2.0-or-later (see package COPYING/README),https://freedict.org/downloads/,eng-swh.tei
BATCH_ENSW_FREEDICT_2026_02_24_A,1432,en,work,Swahili equivalent: kazi,,kazi,n,,both,,,,,,FreeDict,GPL-2.0-or-later (see package COPYING/README),https://freedict.org/downloads/,eng-swh.tei
BATCH_ENSW_FREEDICT_2026_02_24_A,1433,en,world,Swahili equivalent: dunia,,dunia,n,,both,,,,,,FreeDict,GPL-2.0-or-later (see package COPYING/README),https://freedict.org/downloads/,eng-swh.tei
BATCH_ENSW_FREEDICT_2026_02_24_A,1434,en,worship,Swahili equivalent: ibada,,ibada,n,,both,,,,,,FreeDict,GPL-2.0-or-later (see package COPYING/README),https://freedict.org/downloads/,eng-swh.tei
BATCH_ENSW_FREEDICT_2026_02_24_A,1435,en,worship,Swahili equivalent: abudu,,abudu,v,,both,,,,,,FreeDict,GPL-2.0-or-later (see package COPYING/README),https://freedict.org/downloads/,eng-swh.tei
BATCH_ENSW_FREEDICT_2026_02_24_A,1436,en,wound,Swahili equivalent: jeraha,,jeraha,n,,both,,,,,,FreeDict,GPL-2.0-or-later (see package COPYING/README),https://freedict.org/downloads/,eng-swh.tei
BATCH_ENSW_FREEDICT_2026_02_24_A,1437,en,wrist,Swahili equivalent: kiwiko,,kiwiko,n,,both,,,,,,FreeDict,GPL-2.0-or-later (see package COPYING/README),https://freedict.org/downloads/,eng-swh.tei
BATCH_ENSW_FREEDICT_2026_02_24_A,1438,en,write,Swahili equivalent: andika,,andika,v,,both,,,,,,FreeDict,GPL-2.0-or-later (see package COPYING/README),https://freedict.org/downloads/,eng-swh.tei
BATCH_ENSW_FREEDICT_2026_02_24_A,1439,en,writing,Swahili equivalent: andiko,,andiko,n,,both,,,,,,FreeDict,GPL-2.0-or-later (see package COPYING/README),https://freedict.org/downloads/,eng-swh.tei
BATCH_ENSW_FREEDICT_2026_02_24_A,1440,en,yard,Swahili equivalent: yadi,,yadi,n,,both,,,,,,FreeDict,GPL-2.0-or-later (see package COPYING/README),https://freedict.org/downloads/,eng-swh.tei
BATCH_ENSW_FREEDICT_2026_02_24_A,1441,en,year,Swahili equivalent: mwaka,,mwaka,n,,both,,,,,,FreeDict,GPL-2.0-or-later (see package COPYING/README),https://freedict.org/downloads/,eng-swh.tei
BATCH_ENSW_FREEDICT_2026_02_24_A,1442,en,yes,Swahili equivalent: naam,,naam,adv,,both,,,,,,FreeDict,GPL-2.0-or-later (see package COPYING/README),https://freedict.org/downloads/,eng-swh.tei
BATCH_ENSW_FREEDICT_2026_02_24_A,1443,en,yes,Swahili equivalent: ndiyo,,ndiyo,adv,,both,,,,,,FreeDict,GPL-2.0-or-later (see package COPYING/README),https://freedict.org/downloads/,eng-swh.tei
BATCH_ENSW_FREEDICT_2026_02_24_A,1444,en,yesterday,Swahili equivalent: jana,,jana,adv,,both,,,,,,FreeDict,GPL-2.0-or-later (see package COPYING/README),https://freedict.org/downloads/,eng-swh.tei
BATCH_ENSW_FREEDICT_2026_02_24_A,1445,en,you,Swahili equivalent: wewe,,wewe,pron,,both,,,,,,FreeDict,GPL-2.0-or-later (see package COPYING/README),https://freedict.org/downloads/,eng-swh.tei
BATCH_ENSW_FREEDICT_2026_02_24_A,1446,en,you (plural),Swahili equivalent: ninyi,,ninyi,pron,,both,,,,,,FreeDict,GPL-2.0-or-later (see package COPYING/README),https://freedict.org/downloads/,eng-swh.tei
BATCH_ENSW_FREEDICT_2026_02_24_A,1447,en,your,Swahili equivalent: ako,,ako,adj,,both,,,,,,FreeDict,GPL-2.0-or-later (see package COPYING/README),https://freedict.org/downloads/,eng-swh.tei
BATCH_ENSW_FREEDICT_2026_02_24_A,1448,en,your (plural),Swahili equivalent: enu,,enu,adj,,both,,,,,,FreeDict,GPL-2.0-or-later (see package COPYING/README),https://freedict.org/downloads/,eng-swh.tei
BATCH_ENSW_FREEDICT_2026_02_24_A,1449,en,youth,Swahili equivalent: kijana,,kijana,n,,both,,,,,,FreeDict,GPL-2.0-or-later (see package COPYING/README),https://freedict.org/downloads/,eng-swh.tei
BATCH_ENSW_FREEDICT_2026_02_24_A,1450,en,Zanzibar,Swahili equivalent: Unguja,,Unguja,n,,both,,,,,,FreeDict,GPL-2.0-or-later (see package COPYING/README),https://freedict.org/downloads/,eng-swh.tei
